-- phpMyAdmin SQL Dump
-- version 4.9.5
-- https://www.phpmyadmin.net/
--
-- Host: localhost:3308
-- Generation Time: Apr 20, 2021 at 08:35 AM
-- Server version: 5.7.24
-- PHP Version: 7.4.1

SET SQL_MODE = "NO_AUTO_VALUE_ON_ZERO";
SET AUTOCOMMIT = 0;
START TRANSACTION;
SET time_zone = "+00:00";


/*!40101 SET @OLD_CHARACTER_SET_CLIENT=@@CHARACTER_SET_CLIENT */;
/*!40101 SET @OLD_CHARACTER_SET_RESULTS=@@CHARACTER_SET_RESULTS */;
/*!40101 SET @OLD_COLLATION_CONNECTION=@@COLLATION_CONNECTION */;
/*!40101 SET NAMES utf8mb4 */;

--
-- Database: `omeka`
--
CREATE DATABASE IF NOT EXISTS `omeka` DEFAULT CHARACTER SET utf8 COLLATE utf8_general_ci;
USE `omeka`;

-- --------------------------------------------------------

--
-- Table structure for table `api_key`
--

DROP TABLE IF EXISTS `api_key`;
CREATE TABLE `api_key` (
  `id` varchar(32) COLLATE utf8mb4_unicode_ci NOT NULL,
  `owner_id` int(11) NOT NULL,
  `label` varchar(255) COLLATE utf8mb4_unicode_ci NOT NULL,
  `credential_hash` varchar(60) COLLATE utf8mb4_unicode_ci NOT NULL,
  `last_ip` varbinary(16) DEFAULT NULL COMMENT '(DC2Type:ip_address)',
  `last_accessed` datetime DEFAULT NULL,
  `created` datetime NOT NULL
) ENGINE=InnoDB DEFAULT CHARSET=utf8mb4 COLLATE=utf8mb4_unicode_ci;

-- --------------------------------------------------------

--
-- Table structure for table `asset`
--

DROP TABLE IF EXISTS `asset`;
CREATE TABLE `asset` (
  `id` int(11) NOT NULL,
  `owner_id` int(11) DEFAULT NULL,
  `name` varchar(255) COLLATE utf8mb4_unicode_ci NOT NULL,
  `media_type` varchar(255) COLLATE utf8mb4_unicode_ci NOT NULL,
  `storage_id` varchar(190) COLLATE utf8mb4_unicode_ci NOT NULL,
  `extension` varchar(255) COLLATE utf8mb4_unicode_ci DEFAULT NULL
) ENGINE=InnoDB DEFAULT CHARSET=utf8mb4 COLLATE=utf8mb4_unicode_ci;

-- --------------------------------------------------------

--
-- Table structure for table `fulltext_search`
--

DROP TABLE IF EXISTS `fulltext_search`;
CREATE TABLE `fulltext_search` (
  `id` int(11) NOT NULL,
  `resource` varchar(190) COLLATE utf8mb4_unicode_ci NOT NULL,
  `owner_id` int(11) DEFAULT NULL,
  `is_public` tinyint(1) NOT NULL,
  `title` longtext COLLATE utf8mb4_unicode_ci,
  `text` longtext COLLATE utf8mb4_unicode_ci
) ENGINE=InnoDB DEFAULT CHARSET=utf8mb4 COLLATE=utf8mb4_unicode_ci;

--
-- Dumping data for table `fulltext_search`
--

INSERT INTO `fulltext_search` (`id`, `resource`, `owner_id`, `is_public`, `title`, `text`) VALUES
(4, 'items', 1, 1, 'ope_azerty', 'ope_azerty\nope@company.fr\nidf\nbati005\ntelecom\napprovisionneur'),
(5, 'items', 1, 1, 'suppr', 'suppr\nsuppr\n7 rue Balou\nsuppr@suppr.fr'),
(6, 'items', 1, 1, 'cable EP 200m', 'cable EP 200m\nEP\nCAB\nSUPPR'),
(7, 'items', 1, 1, 'cable lampadaire', 'cable lampadaire\n20/04/2021\ncable 200m\n2\n22 avenue du pli\nope_azerty'),
(8, 'items', 1, 1, 'lampadaire avenue du pli', 'lampadaire avenue du pli\n20/04/2021\ncable EP 200m\n3\nsuppr\n22 avenue du pli\nope_azerty\ncable lampadaire');

-- --------------------------------------------------------

--
-- Table structure for table `item`
--

DROP TABLE IF EXISTS `item`;
CREATE TABLE `item` (
  `id` int(11) NOT NULL
) ENGINE=InnoDB DEFAULT CHARSET=utf8mb4 COLLATE=utf8mb4_unicode_ci;

--
-- Dumping data for table `item`
--

INSERT INTO `item` (`id`) VALUES
(4),
(5),
(6),
(7),
(8);

-- --------------------------------------------------------

--
-- Table structure for table `item_item_set`
--

DROP TABLE IF EXISTS `item_item_set`;
CREATE TABLE `item_item_set` (
  `item_id` int(11) NOT NULL,
  `item_set_id` int(11) NOT NULL
) ENGINE=InnoDB DEFAULT CHARSET=utf8mb4 COLLATE=utf8mb4_unicode_ci;

-- --------------------------------------------------------

--
-- Table structure for table `item_set`
--

DROP TABLE IF EXISTS `item_set`;
CREATE TABLE `item_set` (
  `id` int(11) NOT NULL,
  `is_open` tinyint(1) NOT NULL
) ENGINE=InnoDB DEFAULT CHARSET=utf8mb4 COLLATE=utf8mb4_unicode_ci;

-- --------------------------------------------------------

--
-- Table structure for table `item_site`
--

DROP TABLE IF EXISTS `item_site`;
CREATE TABLE `item_site` (
  `item_id` int(11) NOT NULL,
  `site_id` int(11) NOT NULL
) ENGINE=InnoDB DEFAULT CHARSET=utf8mb4 COLLATE=utf8mb4_unicode_ci;

-- --------------------------------------------------------

--
-- Table structure for table `job`
--

DROP TABLE IF EXISTS `job`;
CREATE TABLE `job` (
  `id` int(11) NOT NULL,
  `owner_id` int(11) DEFAULT NULL,
  `pid` varchar(255) COLLATE utf8mb4_unicode_ci DEFAULT NULL,
  `status` varchar(255) COLLATE utf8mb4_unicode_ci DEFAULT NULL,
  `class` varchar(255) COLLATE utf8mb4_unicode_ci NOT NULL,
  `args` longtext COLLATE utf8mb4_unicode_ci COMMENT '(DC2Type:json_array)',
  `log` longtext COLLATE utf8mb4_unicode_ci,
  `started` datetime NOT NULL,
  `ended` datetime DEFAULT NULL
) ENGINE=InnoDB DEFAULT CHARSET=utf8mb4 COLLATE=utf8mb4_unicode_ci;

-- --------------------------------------------------------

--
-- Table structure for table `media`
--

DROP TABLE IF EXISTS `media`;
CREATE TABLE `media` (
  `id` int(11) NOT NULL,
  `item_id` int(11) NOT NULL,
  `ingester` varchar(255) COLLATE utf8mb4_unicode_ci NOT NULL,
  `renderer` varchar(255) COLLATE utf8mb4_unicode_ci NOT NULL,
  `data` longtext COLLATE utf8mb4_unicode_ci COMMENT '(DC2Type:json_array)',
  `source` longtext COLLATE utf8mb4_unicode_ci,
  `media_type` varchar(255) COLLATE utf8mb4_unicode_ci DEFAULT NULL,
  `storage_id` varchar(190) COLLATE utf8mb4_unicode_ci DEFAULT NULL,
  `extension` varchar(255) COLLATE utf8mb4_unicode_ci DEFAULT NULL,
  `sha256` char(64) COLLATE utf8mb4_unicode_ci DEFAULT NULL,
  `size` bigint(20) DEFAULT NULL,
  `has_original` tinyint(1) NOT NULL,
  `has_thumbnails` tinyint(1) NOT NULL,
  `position` int(11) DEFAULT NULL,
  `lang` varchar(190) COLLATE utf8mb4_unicode_ci DEFAULT NULL
) ENGINE=InnoDB DEFAULT CHARSET=utf8mb4 COLLATE=utf8mb4_unicode_ci;

-- --------------------------------------------------------

--
-- Table structure for table `migration`
--

DROP TABLE IF EXISTS `migration`;
CREATE TABLE `migration` (
  `version` varchar(16) COLLATE utf8mb4_unicode_ci NOT NULL
) ENGINE=InnoDB DEFAULT CHARSET=utf8mb4 COLLATE=utf8mb4_unicode_ci;

--
-- Dumping data for table `migration`
--

INSERT INTO `migration` (`version`) VALUES
('20171128053327'),
('20180412035023'),
('20180919072656'),
('20180924033501'),
('20181002015551'),
('20181004043735'),
('20181106060421'),
('20190307043537'),
('20190319020708'),
('20190412090532'),
('20190423040354'),
('20190423071228'),
('20190514061351'),
('20190515055359'),
('20190729023728'),
('20190809092609'),
('20190815062003'),
('20200224022356'),
('20200226064602'),
('20200325091157'),
('20200326091310'),
('20200803000000'),
('20200831000000');

-- --------------------------------------------------------

--
-- Table structure for table `module`
--

DROP TABLE IF EXISTS `module`;
CREATE TABLE `module` (
  `id` varchar(190) COLLATE utf8mb4_unicode_ci NOT NULL,
  `is_active` tinyint(1) NOT NULL,
  `version` varchar(255) COLLATE utf8mb4_unicode_ci NOT NULL
) ENGINE=InnoDB DEFAULT CHARSET=utf8mb4 COLLATE=utf8mb4_unicode_ci;

--
-- Dumping data for table `module`
--

INSERT INTO `module` (`id`, `is_active`, `version`) VALUES
('UniversalViewer', 1, '3.6.4.3');

-- --------------------------------------------------------

--
-- Table structure for table `password_creation`
--

DROP TABLE IF EXISTS `password_creation`;
CREATE TABLE `password_creation` (
  `id` varchar(32) CHARACTER SET utf8mb4 COLLATE utf8mb4_bin NOT NULL,
  `user_id` int(11) NOT NULL,
  `created` datetime NOT NULL,
  `activate` tinyint(1) NOT NULL
) ENGINE=InnoDB DEFAULT CHARSET=utf8mb4 COLLATE=utf8mb4_unicode_ci;

--
-- Dumping data for table `password_creation`
--

INSERT INTO `password_creation` (`id`, `user_id`, `created`, `activate`) VALUES
('tjXRTKuK70i1zl41K41OaPMDPbutcLha', 2, '2021-04-17 13:56:57', 1);

-- --------------------------------------------------------

--
-- Table structure for table `property`
--

DROP TABLE IF EXISTS `property`;
CREATE TABLE `property` (
  `id` int(11) NOT NULL,
  `owner_id` int(11) DEFAULT NULL,
  `vocabulary_id` int(11) NOT NULL,
  `local_name` varchar(190) CHARACTER SET utf8mb4 COLLATE utf8mb4_bin NOT NULL,
  `label` varchar(255) COLLATE utf8mb4_unicode_ci NOT NULL,
  `comment` longtext COLLATE utf8mb4_unicode_ci
) ENGINE=InnoDB DEFAULT CHARSET=utf8mb4 COLLATE=utf8mb4_unicode_ci;

--
-- Dumping data for table `property`
--

INSERT INTO `property` (`id`, `owner_id`, `vocabulary_id`, `local_name`, `label`, `comment`) VALUES
(1, NULL, 1, 'title', 'Title', 'A name given to the resource.'),
(2, NULL, 1, 'creator', 'Creator', 'An entity primarily responsible for making the resource.'),
(3, NULL, 1, 'subject', 'Subject', 'The topic of the resource.'),
(4, NULL, 1, 'description', 'Description', 'An account of the resource.'),
(5, NULL, 1, 'publisher', 'Publisher', 'An entity responsible for making the resource available.'),
(6, NULL, 1, 'contributor', 'Contributor', 'An entity responsible for making contributions to the resource.'),
(7, NULL, 1, 'date', 'Date', 'A point or period of time associated with an event in the lifecycle of the resource.'),
(8, NULL, 1, 'type', 'Type', 'The nature or genre of the resource.'),
(9, NULL, 1, 'format', 'Format', 'The file format, physical medium, or dimensions of the resource.'),
(10, NULL, 1, 'identifier', 'Identifier', 'An unambiguous reference to the resource within a given context.'),
(11, NULL, 1, 'source', 'Source', 'A related resource from which the described resource is derived.'),
(12, NULL, 1, 'language', 'Language', 'A language of the resource.'),
(13, NULL, 1, 'relation', 'Relation', 'A related resource.'),
(14, NULL, 1, 'coverage', 'Coverage', 'The spatial or temporal topic of the resource, the spatial applicability of the resource, or the jurisdiction under which the resource is relevant.'),
(15, NULL, 1, 'rights', 'Rights', 'Information about rights held in and over the resource.'),
(16, NULL, 1, 'audience', 'Audience', 'A class of entity for whom the resource is intended or useful.'),
(17, NULL, 1, 'alternative', 'Alternative Title', 'An alternative name for the resource.'),
(18, NULL, 1, 'tableOfContents', 'Table Of Contents', 'A list of subunits of the resource.'),
(19, NULL, 1, 'abstract', 'Abstract', 'A summary of the resource.'),
(20, NULL, 1, 'created', 'Date Created', 'Date of creation of the resource.'),
(21, NULL, 1, 'valid', 'Date Valid', 'Date (often a range) of validity of a resource.'),
(22, NULL, 1, 'available', 'Date Available', 'Date (often a range) that the resource became or will become available.'),
(23, NULL, 1, 'issued', 'Date Issued', 'Date of formal issuance (e.g., publication) of the resource.'),
(24, NULL, 1, 'modified', 'Date Modified', 'Date on which the resource was changed.'),
(25, NULL, 1, 'extent', 'Extent', 'The size or duration of the resource.'),
(26, NULL, 1, 'medium', 'Medium', 'The material or physical carrier of the resource.'),
(27, NULL, 1, 'isVersionOf', 'Is Version Of', 'A related resource of which the described resource is a version, edition, or adaptation.'),
(28, NULL, 1, 'hasVersion', 'Has Version', 'A related resource that is a version, edition, or adaptation of the described resource.'),
(29, NULL, 1, 'isReplacedBy', 'Is Replaced By', 'A related resource that supplants, displaces, or supersedes the described resource.'),
(30, NULL, 1, 'replaces', 'Replaces', 'A related resource that is supplanted, displaced, or superseded by the described resource.'),
(31, NULL, 1, 'isRequiredBy', 'Is Required By', 'A related resource that requires the described resource to support its function, delivery, or coherence.'),
(32, NULL, 1, 'requires', 'Requires', 'A related resource that is required by the described resource to support its function, delivery, or coherence.'),
(33, NULL, 1, 'isPartOf', 'Is Part Of', 'A related resource in which the described resource is physically or logically included.'),
(34, NULL, 1, 'hasPart', 'Has Part', 'A related resource that is included either physically or logically in the described resource.'),
(35, NULL, 1, 'isReferencedBy', 'Is Referenced By', 'A related resource that references, cites, or otherwise points to the described resource.'),
(36, NULL, 1, 'references', 'References', 'A related resource that is referenced, cited, or otherwise pointed to by the described resource.'),
(37, NULL, 1, 'isFormatOf', 'Is Format Of', 'A related resource that is substantially the same as the described resource, but in another format.'),
(38, NULL, 1, 'hasFormat', 'Has Format', 'A related resource that is substantially the same as the pre-existing described resource, but in another format.'),
(39, NULL, 1, 'conformsTo', 'Conforms To', 'An established standard to which the described resource conforms.'),
(40, NULL, 1, 'spatial', 'Spatial Coverage', 'Spatial characteristics of the resource.'),
(41, NULL, 1, 'temporal', 'Temporal Coverage', 'Temporal characteristics of the resource.'),
(42, NULL, 1, 'mediator', 'Mediator', 'An entity that mediates access to the resource and for whom the resource is intended or useful.'),
(43, NULL, 1, 'dateAccepted', 'Date Accepted', 'Date of acceptance of the resource.'),
(44, NULL, 1, 'dateCopyrighted', 'Date Copyrighted', 'Date of copyright.'),
(45, NULL, 1, 'dateSubmitted', 'Date Submitted', 'Date of submission of the resource.'),
(46, NULL, 1, 'educationLevel', 'Audience Education Level', 'A class of entity, defined in terms of progression through an educational or training context, for which the described resource is intended.'),
(47, NULL, 1, 'accessRights', 'Access Rights', 'Information about who can access the resource or an indication of its security status.'),
(48, NULL, 1, 'bibliographicCitation', 'Bibliographic Citation', 'A bibliographic reference for the resource.'),
(49, NULL, 1, 'license', 'License', 'A legal document giving official permission to do something with the resource.'),
(50, NULL, 1, 'rightsHolder', 'Rights Holder', 'A person or organization owning or managing rights over the resource.'),
(51, NULL, 1, 'provenance', 'Provenance', 'A statement of any changes in ownership and custody of the resource since its creation that are significant for its authenticity, integrity, and interpretation.'),
(52, NULL, 1, 'instructionalMethod', 'Instructional Method', 'A process, used to engender knowledge, attitudes and skills, that the described resource is designed to support.'),
(53, NULL, 1, 'accrualMethod', 'Accrual Method', 'The method by which items are added to a collection.'),
(54, NULL, 1, 'accrualPeriodicity', 'Accrual Periodicity', 'The frequency with which items are added to a collection.'),
(55, NULL, 1, 'accrualPolicy', 'Accrual Policy', 'The policy governing the addition of items to a collection.'),
(56, NULL, 3, 'affirmedBy', 'affirmedBy', 'A legal decision that affirms a ruling.'),
(57, NULL, 3, 'annotates', 'annotates', 'Critical or explanatory note for a Document.'),
(58, NULL, 3, 'authorList', 'list of authors', 'An ordered list of authors. Normally, this list is seen as a priority list that order authors by importance.'),
(59, NULL, 3, 'citedBy', 'cited by', 'Relates a document to another document that cites the\nfirst document.'),
(60, NULL, 3, 'cites', 'cites', 'Relates a document to another document that is cited\nby the first document as reference, comment, review, quotation or for\nanother purpose.'),
(61, NULL, 3, 'contributorList', 'list of contributors', 'An ordered list of contributors. Normally, this list is seen as a priority list that order contributors by importance.'),
(62, NULL, 3, 'court', 'court', 'A court associated with a legal document; for example, that which issues a decision.'),
(63, NULL, 3, 'degree', 'degree', 'The thesis degree.'),
(64, NULL, 3, 'director', 'director', 'A Film director.'),
(65, NULL, 3, 'distributor', 'distributor', 'Distributor of a document or a collection of documents.'),
(66, NULL, 3, 'editor', 'editor', 'A person having managerial and sometimes policy-making responsibility for the editorial part of a publishing firm or of a newspaper, magazine, or other publication.'),
(67, NULL, 3, 'editorList', 'list of editors', 'An ordered list of editors. Normally, this list is seen as a priority list that order editors by importance.'),
(68, NULL, 3, 'interviewee', 'interviewee', 'An agent that is interviewed by another agent.'),
(69, NULL, 3, 'interviewer', 'interviewer', 'An agent that interview another agent.'),
(70, NULL, 3, 'issuer', 'issuer', 'An entity responsible for issuing often informally published documents such as press releases, reports, etc.'),
(71, NULL, 3, 'organizer', 'organizer', 'The organizer of an event; includes conference organizers, but also government agencies or other bodies that are responsible for conducting hearings.'),
(72, NULL, 3, 'owner', 'owner', 'Owner of a document or a collection of documents.'),
(73, NULL, 3, 'performer', 'performer', NULL),
(74, NULL, 3, 'presentedAt', 'presented at', 'Relates a document to an event; for example, a paper to a conference.'),
(75, NULL, 3, 'presents', 'presents', 'Relates an event to associated documents; for example, conference to a paper.'),
(76, NULL, 3, 'producer', 'producer', 'Producer of a document or a collection of documents.'),
(77, NULL, 3, 'recipient', 'recipient', 'An agent that receives a communication document.'),
(78, NULL, 3, 'reproducedIn', 'reproducedIn', 'The resource in which another resource is reproduced.'),
(79, NULL, 3, 'reversedBy', 'reversedBy', 'A legal decision that reverses a ruling.'),
(80, NULL, 3, 'reviewOf', 'review of', 'Relates a review document to a reviewed thing (resource, item, etc.).'),
(81, NULL, 3, 'status', 'status', 'The publication status of (typically academic) content.'),
(82, NULL, 3, 'subsequentLegalDecision', 'subsequentLegalDecision', 'A legal decision on appeal that takes action on a case (affirming it, reversing it, etc.).'),
(83, NULL, 3, 'transcriptOf', 'transcript of', 'Relates a document to some transcribed original.'),
(84, NULL, 3, 'translationOf', 'translation of', 'Relates a translated document to the original document.'),
(85, NULL, 3, 'translator', 'translator', 'A person who translates written document from one language to another.'),
(86, NULL, 3, 'abstract', 'abstract', 'A summary of the resource.'),
(87, NULL, 3, 'argued', 'date argued', 'The date on which a legal case is argued before a court. Date is of format xsd:date'),
(88, NULL, 3, 'asin', 'asin', NULL),
(89, NULL, 3, 'chapter', 'chapter', 'An chapter number'),
(90, NULL, 3, 'coden', 'coden', NULL),
(91, NULL, 3, 'content', 'content', 'This property is for a plain-text rendering of the content of a Document. While the plain-text content of an entire document could be described by this property.'),
(92, NULL, 3, 'doi', 'doi', NULL),
(93, NULL, 3, 'eanucc13', 'eanucc13', NULL),
(94, NULL, 3, 'edition', 'edition', 'The name defining a special edition of a document. Normally its a literal value composed of a version number and words.'),
(95, NULL, 3, 'eissn', 'eissn', NULL),
(96, NULL, 3, 'gtin14', 'gtin14', NULL),
(97, NULL, 3, 'handle', 'handle', NULL),
(98, NULL, 3, 'identifier', 'identifier', NULL),
(99, NULL, 3, 'isbn', 'isbn', NULL),
(100, NULL, 3, 'isbn10', 'isbn10', NULL),
(101, NULL, 3, 'isbn13', 'isbn13', NULL),
(102, NULL, 3, 'issn', 'issn', NULL),
(103, NULL, 3, 'issue', 'issue', 'An issue number'),
(104, NULL, 3, 'lccn', 'lccn', NULL),
(105, NULL, 3, 'locator', 'locator', 'A description (often numeric) that locates an item within a containing document or collection.'),
(106, NULL, 3, 'numPages', 'number of pages', 'The number of pages contained in a document'),
(107, NULL, 3, 'numVolumes', 'number of volumes', 'The number of volumes contained in a collection of documents (usually a series, periodical, etc.).'),
(108, NULL, 3, 'number', 'number', 'A generic item or document number. Not to be confused with issue number.'),
(109, NULL, 3, 'oclcnum', 'oclcnum', NULL),
(110, NULL, 3, 'pageEnd', 'page end', 'Ending page number within a continuous page range.'),
(111, NULL, 3, 'pageStart', 'page start', 'Starting page number within a continuous page range.'),
(112, NULL, 3, 'pages', 'pages', 'A string of non-contiguous page spans that locate a Document within a Collection. Example: 23-25, 34, 54-56. For continuous page ranges, use the pageStart and pageEnd properties.'),
(113, NULL, 3, 'pmid', 'pmid', NULL),
(114, NULL, 3, 'prefixName', 'prefix name', 'The prefix of a name'),
(115, NULL, 3, 'section', 'section', 'A section number'),
(116, NULL, 3, 'shortDescription', 'shortDescription', NULL),
(117, NULL, 3, 'shortTitle', 'short title', 'The abbreviation of a title.'),
(118, NULL, 3, 'sici', 'sici', NULL),
(119, NULL, 3, 'suffixName', 'suffix name', 'The suffix of a name'),
(120, NULL, 3, 'upc', 'upc', NULL),
(121, NULL, 3, 'uri', 'uri', 'Universal Resource Identifier of a document'),
(122, NULL, 3, 'volume', 'volume', 'A volume number'),
(123, NULL, 4, 'mbox', 'personal mailbox', 'A  personal mailbox, ie. an Internet mailbox associated with exactly one owner, the first owner of this mailbox. This is a \'static inverse functional property\', in that  there is (across time and change) at most one individual that ever has any particular value for foaf:mbox.'),
(124, NULL, 4, 'mbox_sha1sum', 'sha1sum of a personal mailbox URI name', 'The sha1sum of the URI of an Internet mailbox associated with exactly one owner, the  first owner of the mailbox.'),
(125, NULL, 4, 'gender', 'gender', 'The gender of this Agent (typically but not necessarily \'male\' or \'female\').'),
(126, NULL, 4, 'geekcode', 'geekcode', 'A textual geekcode for this person, see http://www.geekcode.com/geek.html'),
(127, NULL, 4, 'dnaChecksum', 'DNA checksum', 'A checksum for the DNA of some thing. Joke.'),
(128, NULL, 4, 'sha1', 'sha1sum (hex)', 'A sha1sum hash, in hex.'),
(129, NULL, 4, 'based_near', 'based near', 'A location that something is based near, for some broadly human notion of near.'),
(130, NULL, 4, 'title', 'title', 'Title (Mr, Mrs, Ms, Dr. etc)'),
(131, NULL, 4, 'nick', 'nickname', 'A short informal nickname characterising an agent (includes login identifiers, IRC and other chat nicknames).'),
(132, NULL, 4, 'jabberID', 'jabber ID', 'A jabber ID for something.'),
(133, NULL, 4, 'aimChatID', 'AIM chat ID', 'An AIM chat ID'),
(134, NULL, 4, 'skypeID', 'Skype ID', 'A Skype ID'),
(135, NULL, 4, 'icqChatID', 'ICQ chat ID', 'An ICQ chat ID'),
(136, NULL, 4, 'yahooChatID', 'Yahoo chat ID', 'A Yahoo chat ID'),
(137, NULL, 4, 'msnChatID', 'MSN chat ID', 'An MSN chat ID'),
(138, NULL, 4, 'name', 'name', 'A name for some thing.'),
(139, NULL, 4, 'firstName', 'firstName', 'The first name of a person.'),
(140, NULL, 4, 'lastName', 'lastName', 'The last name of a person.'),
(141, NULL, 4, 'givenName', 'Given name', 'The given name of some person.'),
(142, NULL, 4, 'givenname', 'Given name', 'The given name of some person.'),
(143, NULL, 4, 'surname', 'Surname', 'The surname of some person.'),
(144, NULL, 4, 'family_name', 'family_name', 'The family name of some person.'),
(145, NULL, 4, 'familyName', 'familyName', 'The family name of some person.'),
(146, NULL, 4, 'phone', 'phone', 'A phone,  specified using fully qualified tel: URI scheme (refs: http://www.w3.org/Addressing/schemes.html#tel).'),
(147, NULL, 4, 'homepage', 'homepage', 'A homepage for some thing.'),
(148, NULL, 4, 'weblog', 'weblog', 'A weblog of some thing (whether person, group, company etc.).'),
(149, NULL, 4, 'openid', 'openid', 'An OpenID for an Agent.'),
(150, NULL, 4, 'tipjar', 'tipjar', 'A tipjar document for this agent, describing means for payment and reward.'),
(151, NULL, 4, 'plan', 'plan', 'A .plan comment, in the tradition of finger and \'.plan\' files.'),
(152, NULL, 4, 'made', 'made', 'Something that was made by this agent.'),
(153, NULL, 4, 'maker', 'maker', 'An agent that  made this thing.'),
(154, NULL, 4, 'img', 'image', 'An image that can be used to represent some thing (ie. those depictions which are particularly representative of something, eg. one\'s photo on a homepage).'),
(155, NULL, 4, 'depiction', 'depiction', 'A depiction of some thing.'),
(156, NULL, 4, 'depicts', 'depicts', 'A thing depicted in this representation.'),
(157, NULL, 4, 'thumbnail', 'thumbnail', 'A derived thumbnail image.'),
(158, NULL, 4, 'myersBriggs', 'myersBriggs', 'A Myers Briggs (MBTI) personality classification.'),
(159, NULL, 4, 'workplaceHomepage', 'workplace homepage', 'A workplace homepage of some person; the homepage of an organization they work for.'),
(160, NULL, 4, 'workInfoHomepage', 'work info homepage', 'A work info homepage of some person; a page about their work for some organization.'),
(161, NULL, 4, 'schoolHomepage', 'schoolHomepage', 'A homepage of a school attended by the person.'),
(162, NULL, 4, 'knows', 'knows', 'A person known by this person (indicating some level of reciprocated interaction between the parties).'),
(163, NULL, 4, 'interest', 'interest', 'A page about a topic of interest to this person.'),
(164, NULL, 4, 'topic_interest', 'topic_interest', 'A thing of interest to this person.'),
(165, NULL, 4, 'publications', 'publications', 'A link to the publications of this person.'),
(166, NULL, 4, 'currentProject', 'current project', 'A current project this person works on.'),
(167, NULL, 4, 'pastProject', 'past project', 'A project this person has previously worked on.'),
(168, NULL, 4, 'fundedBy', 'funded by', 'An organization funding a project or person.'),
(169, NULL, 4, 'logo', 'logo', 'A logo representing some thing.'),
(170, NULL, 4, 'topic', 'topic', 'A topic of some page or document.'),
(171, NULL, 4, 'primaryTopic', 'primary topic', 'The primary topic of some page or document.'),
(172, NULL, 4, 'focus', 'focus', 'The underlying or \'focal\' entity associated with some SKOS-described concept.'),
(173, NULL, 4, 'isPrimaryTopicOf', 'is primary topic of', 'A document that this thing is the primary topic of.'),
(174, NULL, 4, 'page', 'page', 'A page or document about this thing.'),
(175, NULL, 4, 'theme', 'theme', 'A theme.'),
(176, NULL, 4, 'account', 'account', 'Indicates an account held by this agent.'),
(177, NULL, 4, 'holdsAccount', 'account', 'Indicates an account held by this agent.'),
(178, NULL, 4, 'accountServiceHomepage', 'account service homepage', 'Indicates a homepage of the service provide for this online account.'),
(179, NULL, 4, 'accountName', 'account name', 'Indicates the name (identifier) associated with this online account.'),
(180, NULL, 4, 'member', 'member', 'Indicates a member of a Group'),
(181, NULL, 4, 'membershipClass', 'membershipClass', 'Indicates the class of individuals that are a member of a Group'),
(182, NULL, 4, 'birthday', 'birthday', 'The birthday of this Agent, represented in mm-dd string form, eg. \'12-31\'.'),
(183, NULL, 4, 'age', 'age', 'The age in years of some agent.'),
(184, NULL, 4, 'status', 'status', 'A string expressing what the user is happy for the general public (normally) to know about their current activity.'),
(185, 1, 5, 'inseeCode', 'INSEE code', 'numerical indexing code used by the French National Institute for Statistics and Economic Studies (INSEE) to identify various entities'),
(186, 1, 6, 'subOrganizationOf', 'subOrganization of', 'Represents hierarchical containment of Organizations or OrganizationalUnits; indicates an Organization which contains this Organization. Inverse of `org:hasSubOrganization`.'),
(187, 1, 6, 'transitiveSubOrganizationOf', 'transitive sub-organization', 'The transitive closure of subOrganizationOf, giving a representation of all organizations that contain this one. Note that technically this is a super property of the transitive closure so it could contain additional assertions but such usage is discouraged.'),
(188, 1, 6, 'hasSubOrganization', 'has SubOrganization', 'Represents hierarchical containment of Organizations or Organizational Units; indicates an organization which is a sub-part or child of this organization.  Inverse of `org:subOrganizationOf`.'),
(189, 1, 6, 'purpose', 'purpose', 'Indicates the purpose of this Organization. There can be many purposes at different levels of abstraction but the nature of an organization is to have a reason for existence and this property is a means to document that reason. An Organization may have multiple purposes. It is recommended that the purpose be denoted by a controlled term or code list, ideally a `skos:Concept`. However, the range is left open to allow for other types of descriptive schemes. It is expected that specializations or application profiles of this vocabulary will constrain the range of the purpose. Alternative names: _remit_ _responsibility_ (esp. if applied to OrganizationalUnits such as Government Departments).'),
(190, 1, 6, 'hasUnit', 'has Unit', 'Indicates a unit which is part of this Organization, e.g. a Department within a larger FormalOrganization. Inverse of `org:unitOf`.'),
(191, 1, 6, 'unitOf', 'unit Of', 'Indicates an Organization of which this Unit is a part, e.g. a Department within a larger FormalOrganization. This is the inverse of `org:hasUnit`.'),
(192, 1, 6, 'classification', 'classification', 'Indicates a classification for this Organization within some classification scheme. Extension vocabularies may wish to specialize this property to have a range corresponding to a specific `skos:ConceptScheme`. This property is under discussion and may be revised or removed - in many cases organizations are best categorized by defining a sub-class hierarchy in an extension vocabulary.'),
(193, 1, 6, 'identifier', 'identifier', 'Gives an identifier, such as a company registration number, that can be used to used to uniquely identify the organization. Many different national and international identier schemes are available. The org ontology is neutral to which schemes are used. The particular identifier scheme should be indicated by the datatype of the identifier value.  Using datatypes to distinguish the notation scheme used is consistent with recommended best practice for `skos:notation` of which this property is a specialization.'),
(194, 1, 6, 'linkedTo', 'linked to', 'Indicates an arbitrary relationship between two organizations. Specializations of this can be used to, for example, denote funding or supply chain relationships.'),
(195, 1, 6, 'memberOf', 'member of', 'Indicates that a person is a member of the Organization with no indication of the nature of that membership or the role played. Note that the choice of property name is not meant to limit the property to only formal membership arrangements, it is also indended to cover related concepts such as affilliation or other involvement in the organization. Extensions can specialize this relationship to indicate particular roles within the organization or more nuanced relationships to the organization. Has an optional inverse, `org:hasmember`.'),
(196, 1, 6, 'hasMember', 'has member', 'Indicates a person who is a member of the subject Organization. Inverse of `org:memberOf`, see that property for further clarification. Provided for compatibility with `foaf:member`.'),
(197, 1, 6, 'reportsTo', 'reports to', 'Indicates a reporting relationship as might be depicted on an organizational chart. The precise semantics of the reporting relationship will vary by organization but is intended to encompass both direct supervisory relationships (e.g. carrying objective and salary setting authority) and more general reporting or accountability relationships (e.g. so called _dotted line_ reporting).'),
(198, 1, 6, 'member', 'member', 'Indicates the Person (or other Agent including Organization) involved in the Membership relationship. Inverse of `org:hasMembership`'),
(199, 1, 6, 'organization', 'organization', 'Indicates Organization in which the Agent is a member.'),
(200, 1, 6, 'role', 'role', 'Indicates the Role that the Agent plays in a Membership relationship with an Organization.'),
(201, 1, 6, 'hasMembership', 'membership', 'Indicates a membership relationship that the Agent plays. Inverse of `org:member`.'),
(202, 1, 6, 'memberDuring', 'member During', 'Optional property to indicate the interval for which the membership is/was valid.'),
(203, 1, 6, 'roleProperty', 'role (property)', 'This is a metalevel property which is used to annotate an `org:Role` instance with a sub-property of `org:memberOf` that can be used to directly indicate the role for easy of query. The intended semantics is a Membership relation involving the Role implies the existence of a direct property relationship through an inference rule of the form:  `{ [] org:member ?p; org:organization ?o; org:role [org:roleProperty ?r] } -> {?p ?r ?o}`.'),
(204, 1, 6, 'headOf', 'head of', 'Indicates that a person is the leader or formal head of the Organization. This will normally mean that they are the root of the `org:reportsTo` (acyclic) graph, though an organization may have more than one head.'),
(205, 1, 6, 'remuneration', 'remuneration', 'Indicates a salary or other reward associated with the role. Typically this will be denoted using an existing representation scheme such as `gr:PriceSpecification` but the range is left open to allow applications to specialize it (e.g. to remunerationInGBP).'),
(206, 1, 6, 'siteAddress', 'site Address', 'Indicates an address for the site in a suitable encoding. Use of vCard (using the http://www.w3.org/TR/vcard-rdf/ vocabulary) is encouraged but the range is left open to allow other encodings to be used. The address may include email, telephone, and geo-location information and is not restricted to a physical address. '),
(207, 1, 6, 'hasSite', 'has site', 'Indicates a site at which the Organization has some presence even if only indirect (e.g. virtual office or a professional service which is acting as the registered address for a company). Inverse of `org:siteOf`.'),
(208, 1, 6, 'siteOf', 'site Of', 'Indicates an Organization which has some presence at the given site. This is the inverse of `org:hasSite`.'),
(209, 1, 6, 'hasPrimarySite', 'primary Site', 'Indicates a primary site for the Organization, this is the default means by which an Organization can be contacted and is not necessarily the formal headquarters.'),
(210, 1, 6, 'hasRegisteredSite', 'registered Site', 'Indicates the legally registered site for the organization, in many legal jurisdictions there is a requirement that FormalOrganizations such as Companies or Charities have such a primary designed site. '),
(211, 1, 6, 'basedAt', 'based At', 'Indicates the site at which a person is based. We do not restrict the possibility that a person is based at multiple sites.'),
(212, 1, 6, 'location', 'location', 'Gives a location description for a person within the organization, for example a _Mail Stop_ for internal posting purposes.'),
(213, 1, 6, 'originalOrganization', 'original organization', 'Indicates one or more organizations that existed before the change event. Depending on the event they may or may not have continued to exist after the event. Inverse of `org:changedBy`.'),
(214, 1, 6, 'changedBy', 'changed by', 'Indicates a change event which resulted in a change to this organization. Depending on the event the organization may or may not have continued to exist after the event. Inverse of `org:originalOrganization`.'),
(215, 1, 6, 'resultedFrom', 'resulted from', 'Indicates an event which resulted in this organization. Inverse of `org:resultingOrganization`.'),
(216, 1, 6, 'resultingOrganization', 'resulted in', 'Indicates an organization which was created or changed as a result of the event. Inverse of `org:resultedFrom`.'),
(217, 1, 6, 'holds', 'holds', 'Indicates a Post held by some Agent.'),
(218, 1, 6, 'heldBy', 'held by', 'Indicates an Agent which holds a Post.'),
(219, 1, 6, 'postIn', 'post in', 'Indicates the Organization in which the Post exists.'),
(220, 1, 6, 'hasPost', 'post', 'Indicates a Post which exists within the Organization.'),
(221, 1, 8, 'hasEMail', 'hasEMail', NULL),
(222, NULL, 5, 'region', 'region', 'The regin where the thing is located or is connected to.'),
(223, NULL, 5, 'locationIdentifier', 'Location Identifier', NULL),
(236, 1, 11, 'has_article', 'has_article', NULL),
(237, 1, 11, 'has_fournisseur', 'has_fournisseur', NULL),
(238, 1, 11, 'has_operateur', 'has_operateur', NULL),
(239, 1, 11, 'has_commande', 'has_commande', NULL),
(240, 1, 11, 'famille_article', 'famille_article', NULL),
(241, 1, 11, 'ss_famille_article', 'ss_famille_article', NULL),
(242, 1, 11, 'contact', 'contact', NULL),
(243, 1, 11, 'quantite', 'quantite', NULL),
(244, 1, 11, 'adresse_livraison', 'adresse_livraison', NULL),
(245, 1, 11, 'article_demande', 'article_demande', NULL),
(246, NULL, 11, 'has_dem_ach', 'has_dem_ach', NULL),
(247, NULL, 11, 'cmd_has_dem_ach', 'commande a comme demande d\'achat', NULL);

-- --------------------------------------------------------

--
-- Table structure for table `resource`
--

DROP TABLE IF EXISTS `resource`;
CREATE TABLE `resource` (
  `id` int(11) NOT NULL,
  `owner_id` int(11) DEFAULT NULL,
  `resource_class_id` int(11) DEFAULT NULL,
  `resource_template_id` int(11) DEFAULT NULL,
  `thumbnail_id` int(11) DEFAULT NULL,
  `title` longtext COLLATE utf8mb4_unicode_ci,
  `is_public` tinyint(1) NOT NULL,
  `created` datetime NOT NULL,
  `modified` datetime DEFAULT NULL,
  `resource_type` varchar(255) COLLATE utf8mb4_unicode_ci NOT NULL
) ENGINE=InnoDB DEFAULT CHARSET=utf8mb4 COLLATE=utf8mb4_unicode_ci;

--
-- Dumping data for table `resource`
--

INSERT INTO `resource` (`id`, `owner_id`, `resource_class_id`, `resource_template_id`, `thumbnail_id`, `title`, `is_public`, `created`, `modified`, `resource_type`) VALUES
(4, 1, 133, 2, NULL, 'ope_azerty', 1, '2021-04-20 07:59:39', '2021-04-20 07:59:39', 'Omeka\\Entity\\Item'),
(5, 1, 135, 3, NULL, 'suppr', 1, '2021-04-20 08:01:07', '2021-04-20 08:01:07', 'Omeka\\Entity\\Item'),
(6, 1, 134, 4, NULL, 'cable EP 200m', 1, '2021-04-20 08:02:25', '2021-04-20 08:02:25', 'Omeka\\Entity\\Item'),
(7, 1, 130, 5, NULL, 'cable lampadaire', 1, '2021-04-20 08:05:03', '2021-04-20 08:05:03', 'Omeka\\Entity\\Item'),
(8, 1, 131, 6, NULL, 'lampadaire avenue du pli', 1, '2021-04-20 08:08:37', '2021-04-20 08:31:33', 'Omeka\\Entity\\Item');

-- --------------------------------------------------------

--
-- Table structure for table `resource_class`
--

DROP TABLE IF EXISTS `resource_class`;
CREATE TABLE `resource_class` (
  `id` int(11) NOT NULL,
  `owner_id` int(11) DEFAULT NULL,
  `vocabulary_id` int(11) NOT NULL,
  `local_name` varchar(190) CHARACTER SET utf8mb4 COLLATE utf8mb4_bin NOT NULL,
  `label` varchar(255) COLLATE utf8mb4_unicode_ci NOT NULL,
  `comment` longtext COLLATE utf8mb4_unicode_ci
) ENGINE=InnoDB DEFAULT CHARSET=utf8mb4 COLLATE=utf8mb4_unicode_ci;

--
-- Dumping data for table `resource_class`
--

INSERT INTO `resource_class` (`id`, `owner_id`, `vocabulary_id`, `local_name`, `label`, `comment`) VALUES
(1, NULL, 1, 'Agent', 'Agent', 'A resource that acts or has the power to act.'),
(2, NULL, 1, 'AgentClass', 'Agent Class', 'A group of agents.'),
(3, NULL, 1, 'BibliographicResource', 'Bibliographic Resource', 'A book, article, or other documentary resource.'),
(4, NULL, 1, 'FileFormat', 'File Format', 'A digital resource format.'),
(5, NULL, 1, 'Frequency', 'Frequency', 'A rate at which something recurs.'),
(6, NULL, 1, 'Jurisdiction', 'Jurisdiction', 'The extent or range of judicial, law enforcement, or other authority.'),
(7, NULL, 1, 'LicenseDocument', 'License Document', 'A legal document giving official permission to do something with a Resource.'),
(8, NULL, 1, 'LinguisticSystem', 'Linguistic System', 'A system of signs, symbols, sounds, gestures, or rules used in communication.'),
(9, NULL, 1, 'Location', 'Location', 'A spatial region or named place.'),
(10, NULL, 1, 'LocationPeriodOrJurisdiction', 'Location, Period, or Jurisdiction', 'A location, period of time, or jurisdiction.'),
(11, NULL, 1, 'MediaType', 'Media Type', 'A file format or physical medium.'),
(12, NULL, 1, 'MediaTypeOrExtent', 'Media Type or Extent', 'A media type or extent.'),
(13, NULL, 1, 'MethodOfInstruction', 'Method of Instruction', 'A process that is used to engender knowledge, attitudes, and skills.'),
(14, NULL, 1, 'MethodOfAccrual', 'Method of Accrual', 'A method by which resources are added to a collection.'),
(15, NULL, 1, 'PeriodOfTime', 'Period of Time', 'An interval of time that is named or defined by its start and end dates.'),
(16, NULL, 1, 'PhysicalMedium', 'Physical Medium', 'A physical material or carrier.'),
(17, NULL, 1, 'PhysicalResource', 'Physical Resource', 'A material thing.'),
(18, NULL, 1, 'Policy', 'Policy', 'A plan or course of action by an authority, intended to influence and determine decisions, actions, and other matters.'),
(19, NULL, 1, 'ProvenanceStatement', 'Provenance Statement', 'A statement of any changes in ownership and custody of a resource since its creation that are significant for its authenticity, integrity, and interpretation.'),
(20, NULL, 1, 'RightsStatement', 'Rights Statement', 'A statement about the intellectual property rights (IPR) held in or over a Resource, a legal document giving official permission to do something with a resource, or a statement about access rights.'),
(21, NULL, 1, 'SizeOrDuration', 'Size or Duration', 'A dimension or extent, or a time taken to play or execute.'),
(22, NULL, 1, 'Standard', 'Standard', 'A basis for comparison; a reference point against which other things can be evaluated.'),
(23, NULL, 2, 'Collection', 'Collection', 'An aggregation of resources.'),
(24, NULL, 2, 'Dataset', 'Dataset', 'Data encoded in a defined structure.'),
(25, NULL, 2, 'Event', 'Event', 'A non-persistent, time-based occurrence.'),
(26, NULL, 2, 'Image', 'Image', 'A visual representation other than text.'),
(27, NULL, 2, 'InteractiveResource', 'Interactive Resource', 'A resource requiring interaction from the user to be understood, executed, or experienced.'),
(28, NULL, 2, 'Service', 'Service', 'A system that provides one or more functions.'),
(29, NULL, 2, 'Software', 'Software', 'A computer program in source or compiled form.'),
(30, NULL, 2, 'Sound', 'Sound', 'A resource primarily intended to be heard.'),
(31, NULL, 2, 'Text', 'Text', 'A resource consisting primarily of words for reading.'),
(32, NULL, 2, 'PhysicalObject', 'Physical Object', 'An inanimate, three-dimensional object or substance.'),
(33, NULL, 2, 'StillImage', 'Still Image', 'A static visual representation.'),
(34, NULL, 2, 'MovingImage', 'Moving Image', 'A series of visual representations imparting an impression of motion when shown in succession.'),
(35, NULL, 3, 'AcademicArticle', 'Academic Article', 'A scholarly academic article, typically published in a journal.'),
(36, NULL, 3, 'Article', 'Article', 'A written composition in prose, usually nonfiction, on a specific topic, forming an independent part of a book or other publication, as a newspaper or magazine.'),
(37, NULL, 3, 'AudioDocument', 'audio document', 'An audio document; aka record.'),
(38, NULL, 3, 'AudioVisualDocument', 'audio-visual document', 'An audio-visual document; film, video, and so forth.'),
(39, NULL, 3, 'Bill', 'Bill', 'Draft legislation presented for discussion to a legal body.'),
(40, NULL, 3, 'Book', 'Book', 'A written or printed work of fiction or nonfiction, usually on sheets of paper fastened or bound together within covers.'),
(41, NULL, 3, 'BookSection', 'Book Section', 'A section of a book.'),
(42, NULL, 3, 'Brief', 'Brief', 'A written argument submitted to a court.'),
(43, NULL, 3, 'Chapter', 'Chapter', 'A chapter of a book.'),
(44, NULL, 3, 'Code', 'Code', 'A collection of statutes.'),
(45, NULL, 3, 'CollectedDocument', 'Collected Document', 'A document that simultaneously contains other documents.'),
(46, NULL, 3, 'Collection', 'Collection', 'A collection of Documents or Collections'),
(47, NULL, 3, 'Conference', 'Conference', 'A meeting for consultation or discussion.'),
(48, NULL, 3, 'CourtReporter', 'Court Reporter', 'A collection of legal cases.'),
(49, NULL, 3, 'Document', 'Document', 'A document (noun) is a bounded physical representation of body of information designed with the capacity (and usually intent) to communicate. A document may manifest symbolic, diagrammatic or sensory-representational information.'),
(50, NULL, 3, 'DocumentPart', 'document part', 'a distinct part of a larger document or collected document.'),
(51, NULL, 3, 'DocumentStatus', 'Document Status', 'The status of the publication of a document.'),
(52, NULL, 3, 'EditedBook', 'Edited Book', 'An edited book.'),
(53, NULL, 3, 'Email', 'EMail', 'A written communication addressed to a person or organization and transmitted electronically.'),
(54, NULL, 3, 'Event', 'Event', NULL),
(55, NULL, 3, 'Excerpt', 'Excerpt', 'A passage selected from a larger work.'),
(56, NULL, 3, 'Film', 'Film', 'aka movie.'),
(57, NULL, 3, 'Hearing', 'Hearing', 'An instance or a session in which testimony and arguments are presented, esp. before an official, as a judge in a lawsuit.'),
(58, NULL, 3, 'Image', 'Image', 'A document that presents visual or diagrammatic information.'),
(59, NULL, 3, 'Interview', 'Interview', 'A formalized discussion between two or more people.'),
(60, NULL, 3, 'Issue', 'Issue', 'something that is printed or published and distributed, esp. a given number of a periodical'),
(61, NULL, 3, 'Journal', 'Journal', 'A periodical of scholarly journal Articles.'),
(62, NULL, 3, 'LegalCaseDocument', 'Legal Case Document', 'A document accompanying a legal case.'),
(63, NULL, 3, 'LegalDecision', 'Decision', 'A document containing an authoritative determination (as a decree or judgment) made after consideration of facts or law.'),
(64, NULL, 3, 'LegalDocument', 'Legal Document', 'A legal document; for example, a court decision, a brief, and so forth.'),
(65, NULL, 3, 'Legislation', 'Legislation', 'A legal document proposing or enacting a law or a group of laws.'),
(66, NULL, 3, 'Letter', 'Letter', 'A written or printed communication addressed to a person or organization and usually transmitted by mail.'),
(67, NULL, 3, 'Magazine', 'Magazine', 'A periodical of magazine Articles. A magazine is a publication that is issued periodically, usually bound in a paper cover, and typically contains essays, stories, poems, etc., by many writers, and often photographs and drawings, frequently specializing in a particular subject or area, as hobbies, news, or sports.'),
(68, NULL, 3, 'Manual', 'Manual', 'A small reference book, especially one giving instructions.'),
(69, NULL, 3, 'Manuscript', 'Manuscript', 'An unpublished Document, which may also be submitted to a publisher for publication.'),
(70, NULL, 3, 'Map', 'Map', 'A graphical depiction of geographic features.'),
(71, NULL, 3, 'MultiVolumeBook', 'Multivolume Book', 'A loose, thematic, collection of Documents, often Books.'),
(72, NULL, 3, 'Newspaper', 'Newspaper', 'A periodical of documents, usually issued daily or weekly, containing current news, editorials, feature articles, and usually advertising.'),
(73, NULL, 3, 'Note', 'Note', 'Notes or annotations about a resource.'),
(74, NULL, 3, 'Patent', 'Patent', 'A document describing the exclusive right granted by a government to an inventor to manufacture, use, or sell an invention for a certain number of years.'),
(75, NULL, 3, 'Performance', 'Performance', 'A public performance.'),
(76, NULL, 3, 'Periodical', 'Periodical', 'A group of related documents issued at regular intervals.'),
(77, NULL, 3, 'PersonalCommunication', 'Personal Communication', 'A communication between an agent and one or more specific recipients.'),
(78, NULL, 3, 'PersonalCommunicationDocument', 'Personal Communication Document', 'A personal communication manifested in some document.'),
(79, NULL, 3, 'Proceedings', 'Proceedings', 'A compilation of documents published from an event, such as a conference.'),
(80, NULL, 3, 'Quote', 'Quote', 'An excerpted collection of words.'),
(81, NULL, 3, 'ReferenceSource', 'Reference Source', 'A document that presents authoritative reference information, such as a dictionary or encylopedia .'),
(82, NULL, 3, 'Report', 'Report', 'A document describing an account or statement describing in detail an event, situation, or the like, usually as the result of observation, inquiry, etc..'),
(83, NULL, 3, 'Series', 'Series', 'A loose, thematic, collection of Documents, often Books.'),
(84, NULL, 3, 'Slide', 'Slide', 'A slide in a slideshow'),
(85, NULL, 3, 'Slideshow', 'Slideshow', 'A presentation of a series of slides, usually presented in front of an audience with written text and images.'),
(86, NULL, 3, 'Standard', 'Standard', 'A document describing a standard'),
(87, NULL, 3, 'Statute', 'Statute', 'A bill enacted into law.'),
(88, NULL, 3, 'Thesis', 'Thesis', 'A document created to summarize research findings associated with the completion of an academic degree.'),
(89, NULL, 3, 'ThesisDegree', 'Thesis degree', 'The academic degree of a Thesis'),
(90, NULL, 3, 'Webpage', 'Webpage', 'A web page is an online document available (at least initially) on the world wide web. A web page is written first and foremost to appear on the web, as distinct from other online resources such as books, manuscripts or audio documents which use the web primarily as a distribution mechanism alongside other more traditional methods such as print.'),
(91, NULL, 3, 'Website', 'Website', 'A group of Webpages accessible on the Web.'),
(92, NULL, 3, 'Workshop', 'Workshop', 'A seminar, discussion group, or the like, that emphasizes zxchange of ideas and the demonstration and application of techniques, skills, etc.'),
(93, NULL, 4, 'LabelProperty', 'Label Property', 'A foaf:LabelProperty is any RDF property with texual values that serve as labels.'),
(94, NULL, 4, 'Person', 'Person', 'A person.'),
(95, NULL, 4, 'Document', 'Document', 'A document.'),
(96, NULL, 4, 'Organization', 'Organization', 'An organization.'),
(97, NULL, 4, 'Group', 'Group', 'A class of Agents.'),
(98, NULL, 4, 'Agent', 'Agent', 'An agent (eg. person, group, software or physical artifact).'),
(99, NULL, 4, 'Project', 'Project', 'A project (a collective endeavour of some kind).'),
(100, NULL, 4, 'Image', 'Image', 'An image.'),
(101, NULL, 4, 'PersonalProfileDocument', 'PersonalProfileDocument', 'A personal profile RDF document.'),
(102, NULL, 4, 'OnlineAccount', 'Online Account', 'An online account.'),
(103, NULL, 4, 'OnlineGamingAccount', 'Online Gaming Account', 'An online gaming account.'),
(104, NULL, 4, 'OnlineEcommerceAccount', 'Online E-commerce Account', 'An online e-commerce account.'),
(105, NULL, 4, 'OnlineChatAccount', 'Online Chat Account', 'An online chat account.'),
(106, NULL, 5, 'Place', 'place', 'Immobile things or locations.'),
(107, 1, 6, 'Organization', 'Organization', 'Represents a collection of people organized together into a community or other social, commercial or political structure. The group has some common purpose or reason for existence which goes beyond the set of people belonging to it and can act as an Agent. Organizations are often decomposable into hierarchical structures.  It is recommended that SKOS lexical labels should be used to label the Organization. In particular `skos:prefLabel` for the primary (possibly legally recognized name), `skos:altLabel` for alternative names (trading names, colloquial names) and `skos:notation` to denote a code from a code list. Alternative names: _Collective_ _Body_ _Org_ _Group_'),
(108, 1, 6, 'FormalOrganization', 'Formal Organization', 'An Organization which is recognized in the world at large, in particular in legal jurisdictions, with associated rights and responsibilities. Examples include a Corporation, Charity, Government or Church. Note that this is a super class of `gr:BusinessEntity` and it is recommended to use the GoodRelations vocabulary to denote Business classifications such as DUNS or NAICS.'),
(109, 1, 6, 'OrganizationalUnit', 'OrganizationalUnit', 'An Organization such as a University Support Unit which is part of some larger FormalOrganization and only has full recognition within the context of that FormalOrganization, it is not a Legal Entity in its own right. Units can be large and complex containing other Units and even FormalOrganizations. Alternative names: _OU_ _Unit_ _Department_'),
(110, 1, 6, 'Role', 'Role', 'Denotes a role that a Person or other Agent can take in an organization. Instances of this class describe the abstract role; to denote a specific instance of a person playing that role in a specific organization use an instance of `org:Membership`. It is common for roles to be arranged in some taxonomic structure and we use SKOS to represent that. The normal SKOS lexical properties should be used when labelling the Role. Additional descriptive properties for the Role, such as a Salary band, may be added by extension vocabularies.'),
(111, 1, 6, 'Membership', 'Membership', 'Indicates the nature of an Agent\'s membership of an organization. Represents an n-ary relation between an Agent, an Organization and a Role. It is possible to directly indicate membership, independent of the specific Role, through use of the `org:memberOf` property.'),
(112, 1, 6, 'Site', 'Site', 'An office or other premise at which the organization is located. Many organizations are spread across multiple sites and many sites will host multiple locations. In most cases a Site will be a physical location. However, we don\'t exclude the possibility of non-physical sites such as a virtual office with an associated post box and phone reception service. Extensions may provide subclasses to denote particular types of site.'),
(113, 1, 6, 'OrganizationalCollaboration', 'Endeavour', 'A collaboration between two or more Organizations such as a project. It meets the criteria for being an Organization in that it has an identity and defining purpose independent of its particular members but is neither a formally recognized legal entity nor a sub-unit within some larger organization. Might typically have a shorter lifetime than the Organizations within it, but not necessarily. All members are `org:Organization`s rather than individuals and those Organizations can play particular roles within the venture. Alternative names: _Project_ _Venture_  _Endeavour_ _Consortium_ _Endeavour_'),
(114, 1, 6, 'ChangeEvent', 'Change Event', 'Represents an event which resulted in a major change to an organization such as a merger or complete restructuring. It is intended for situations where the resulting organization is sufficient distinct from the original organizations that it has a distinct identity and distinct URI. Extension vocabularies should define sub-classes of this to denote particular categories of event. The instant or interval at which the event occurred should be given by `prov:startAtTime` and `prov:endedAtTime`, a description should be given by `dct:description`. '),
(115, 1, 6, 'Post', 'Post', 'A Post represents some position within an organization that exists independently of the person or persons filling it. Posts may be used to represent situations where a person is a member of an organization ex officio (for example the Secretary of State for Scotland is part of UK Cabinet by virtue of being Secretary of State for Scotland, not as an individual person). A post can be held by multiple people and hence can be treated as a organization in its own right.'),
(117, NULL, 5, 'Group', 'group', 'An (informal) group of people.'),
(130, 1, 11, 'demande_achat', 'demande_achat', NULL),
(131, 1, 11, 'commande', 'commande', NULL),
(132, 1, 11, 'facture', 'facture', NULL),
(133, 1, 11, 'operateur', 'operateur', NULL),
(134, 1, 11, 'article', 'article', NULL),
(135, 1, 11, 'fournisseur', 'fournisseur', NULL);

-- --------------------------------------------------------

--
-- Table structure for table `resource_template`
--

DROP TABLE IF EXISTS `resource_template`;
CREATE TABLE `resource_template` (
  `id` int(11) NOT NULL,
  `owner_id` int(11) DEFAULT NULL,
  `resource_class_id` int(11) DEFAULT NULL,
  `title_property_id` int(11) DEFAULT NULL,
  `description_property_id` int(11) DEFAULT NULL,
  `label` varchar(190) COLLATE utf8mb4_unicode_ci NOT NULL
) ENGINE=InnoDB DEFAULT CHARSET=utf8mb4 COLLATE=utf8mb4_unicode_ci;

--
-- Dumping data for table `resource_template`
--

INSERT INTO `resource_template` (`id`, `owner_id`, `resource_class_id`, `title_property_id`, `description_property_id`, `label`) VALUES
(1, NULL, NULL, NULL, NULL, 'Base Resource'),
(2, 1, 133, NULL, NULL, 'Operator'),
(3, 1, 135, NULL, NULL, 'Supplier'),
(4, 1, 134, NULL, NULL, 'Article'),
(5, 1, 130, NULL, NULL, 'Buying Demand'),
(6, 1, 131, NULL, NULL, 'Order'),
(7, 1, 132, NULL, NULL, 'Invoice');

-- --------------------------------------------------------

--
-- Table structure for table `resource_template_property`
--

DROP TABLE IF EXISTS `resource_template_property`;
CREATE TABLE `resource_template_property` (
  `id` int(11) NOT NULL,
  `resource_template_id` int(11) NOT NULL,
  `property_id` int(11) NOT NULL,
  `alternate_label` varchar(255) COLLATE utf8mb4_unicode_ci DEFAULT NULL,
  `alternate_comment` longtext COLLATE utf8mb4_unicode_ci,
  `position` int(11) DEFAULT NULL,
  `data_type` longtext COLLATE utf8mb4_unicode_ci COMMENT '(DC2Type:json_array)',
  `is_required` tinyint(1) NOT NULL,
  `is_private` tinyint(1) NOT NULL
) ENGINE=InnoDB DEFAULT CHARSET=utf8mb4 COLLATE=utf8mb4_unicode_ci;

--
-- Dumping data for table `resource_template_property`
--

INSERT INTO `resource_template_property` (`id`, `resource_template_id`, `property_id`, `alternate_label`, `alternate_comment`, `position`, `data_type`, `is_required`, `is_private`) VALUES
(1, 1, 1, NULL, NULL, 1, NULL, 0, 0),
(2, 1, 15, NULL, NULL, 2, NULL, 0, 0),
(3, 1, 8, NULL, NULL, 3, NULL, 0, 0),
(4, 1, 2, NULL, NULL, 4, NULL, 0, 0),
(5, 1, 7, NULL, NULL, 5, NULL, 0, 0),
(6, 1, 4, NULL, NULL, 6, NULL, 0, 0),
(7, 1, 9, NULL, NULL, 7, NULL, 0, 0),
(8, 1, 12, NULL, NULL, 8, NULL, 0, 0),
(9, 1, 40, 'Place', NULL, 9, NULL, 0, 0),
(10, 1, 5, NULL, NULL, 10, NULL, 0, 0),
(11, 1, 17, NULL, NULL, 11, NULL, 0, 0),
(12, 1, 6, NULL, NULL, 12, NULL, 0, 0),
(13, 1, 25, NULL, NULL, 13, NULL, 0, 0),
(14, 1, 10, NULL, NULL, 14, NULL, 0, 0),
(15, 1, 13, NULL, NULL, 15, NULL, 0, 0),
(16, 1, 29, NULL, NULL, 16, NULL, 0, 0),
(17, 1, 30, NULL, NULL, 17, NULL, 0, 0),
(18, 1, 50, NULL, NULL, 18, NULL, 0, 0),
(19, 1, 3, NULL, NULL, 19, NULL, 0, 0),
(20, 1, 41, NULL, NULL, 20, NULL, 0, 0),
(26, 2, 221, NULL, NULL, 2, NULL, 0, 0),
(27, 2, 212, NULL, NULL, 3, NULL, 0, 0),
(29, 2, 199, NULL, NULL, 5, NULL, 0, 0),
(30, 2, 200, NULL, NULL, 6, NULL, 0, 0),
(31, 2, 223, NULL, NULL, 4, NULL, 0, 0),
(33, 3, 138, NULL, NULL, 2, NULL, 0, 0),
(34, 3, 212, NULL, NULL, 3, NULL, 0, 0),
(40, 5, 45, NULL, NULL, 2, NULL, 0, 0),
(46, 3, 1, NULL, NULL, 1, NULL, 0, 0),
(59, 7, 45, NULL, NULL, 2, NULL, 0, 0),
(66, 6, 20, NULL, NULL, 2, NULL, 0, 0),
(75, 4, 1, NULL, NULL, 1, NULL, 0, 0),
(76, 5, 1, NULL, NULL, 1, NULL, 0, 0),
(77, 7, 1, NULL, NULL, 1, NULL, 0, 0),
(78, 2, 1, NULL, NULL, 1, NULL, 0, 0),
(79, 6, 1, NULL, NULL, 1, NULL, 0, 0),
(80, 4, 240, NULL, NULL, 2, NULL, 0, 0),
(81, 4, 241, NULL, NULL, 3, NULL, 0, 0),
(82, 4, 237, NULL, NULL, 4, NULL, 0, 0),
(83, 5, 245, NULL, NULL, 3, NULL, 0, 0),
(84, 5, 243, NULL, NULL, 4, NULL, 0, 0),
(85, 5, 244, NULL, NULL, 5, NULL, 0, 0),
(86, 5, 238, NULL, NULL, 6, NULL, 0, 0),
(87, 7, 236, NULL, NULL, 3, NULL, 0, 0),
(88, 7, 243, NULL, NULL, 4, NULL, 0, 0),
(89, 7, 237, NULL, NULL, 5, NULL, 0, 0),
(90, 7, 244, NULL, NULL, 6, NULL, 0, 0),
(91, 6, 236, NULL, NULL, 3, NULL, 0, 0),
(92, 6, 243, NULL, NULL, 4, NULL, 0, 0),
(93, 6, 237, NULL, NULL, 5, NULL, 0, 0),
(94, 6, 244, NULL, NULL, 6, NULL, 0, 0),
(95, 6, 238, NULL, NULL, 7, NULL, 0, 0),
(96, 3, 242, NULL, NULL, 4, NULL, 0, 0),
(97, 6, 246, NULL, NULL, 8, NULL, 0, 0);

-- --------------------------------------------------------

--
-- Table structure for table `session`
--

DROP TABLE IF EXISTS `session`;
CREATE TABLE `session` (
  `id` varchar(190) COLLATE utf8mb4_unicode_ci NOT NULL,
  `data` longblob NOT NULL,
  `modified` int(11) NOT NULL
) ENGINE=InnoDB DEFAULT CHARSET=utf8mb4 COLLATE=utf8mb4_unicode_ci;

--
-- Dumping data for table `session`
--

INSERT INTO `session` (`id`, `data`, `modified`) VALUES
('897c735c993004291033fcaeb323acc9', 0x5f5f4c616d696e61737c613a383a7b733a32303a225f524551554553545f4143434553535f54494d45223b643a313631383734363836332e353938393934303136363437333338383637313837353b733a363a225f56414c4944223b613a313a7b733a32383a224c616d696e61735c53657373696f6e5c56616c696461746f725c4964223b733a33323a223139323065636130623331363338366238333831653537616666643665316239223b7d733a34323a224c616d696e61735f56616c696461746f725f437372665f73616c745f6c6f67696e666f726d5f63737266223b613a313a7b733a363a22455850495245223b693a313631383637303834393b7d733a34343a224c616d696e61735f56616c696461746f725f437372665f73616c745f636f6e6669726d666f726d5f63737266223b613a313a7b733a363a22455850495245223b693a313631383735303436333b7d733a33323a224c616d696e61735f56616c696461746f725f437372665f73616c745f63737266223b613a313a7b733a363a22455850495245223b693a313631383730303236363b7d733a34373a224c616d696e61735f56616c696461746f725f437372665f73616c745f766f636162756c617279666f726d5f63737266223b613a313a7b733a363a22455850495245223b693a313631383735303436333b7d733a35333a224c616d696e61735f56616c696461746f725f437372665f73616c745f766f636162756c617279757064617465666f726d5f63737266223b613a313a7b733a363a22455850495245223b693a313631383639383833353b7d733a35333a224c616d696e61735f56616c696461746f725f437372665f73616c745f7265736f7572636574656d706c617465666f726d5f63737266223b613a313a7b733a363a22455850495245223b693a313631383734353937363b7d7d4c616d696e61735f56616c696461746f725f437372665f73616c745f6c6f67696e666f726d5f637372667c433a32363a224c616d696e61735c5374646c69625c41727261794f626a656374223a3339313a7b613a343a7b733a373a2273746f72616765223b613a323a7b733a393a22746f6b656e4c697374223b613a313a7b733a33323a226335313834306464656131656233353563663265376664376431346534643933223b733a33323a226263663537323666626333326230306464393261303663366162346161373462223b7d733a343a2268617368223b733a36353a2262636635373236666263333262303064643932613036633661623461613734622d6335313834306464656131656233353563663265376664376431346534643933223b7d733a343a22666c6167223b693a323b733a31333a226974657261746f72436c617373223b733a31333a2241727261794974657261746f72223b733a31393a2270726f74656374656450726f70657274696573223b613a343a7b693a303b733a373a2273746f72616765223b693a313b733a343a22666c6167223b693a323b733a31333a226974657261746f72436c617373223b693a333b733a31393a2270726f74656374656450726f70657274696573223b7d7d7d4c616d696e61735f417574687c433a32363a224c616d696e61735c5374646c69625c41727261794f626a656374223a3232333a7b613a343a7b733a373a2273746f72616765223b613a313a7b733a373a2273746f72616765223b693a313b7d733a343a22666c6167223b693a323b733a31333a226974657261746f72436c617373223b733a31333a2241727261794974657261746f72223b733a31393a2270726f74656374656450726f70657274696573223b613a343a7b693a303b733a373a2273746f72616765223b693a313b733a343a22666c6167223b693a323b733a31333a226974657261746f72436c617373223b693a333b733a31393a2270726f74656374656450726f70657274696573223b7d7d7d4f6d656b614d657373656e6765727c433a32363a224c616d696e61735c5374646c69625c41727261794f626a656374223a3230353a7b613a343a7b733a373a2273746f72616765223b613a303a7b7d733a343a22666c6167223b693a323b733a31333a226974657261746f72436c617373223b733a31333a2241727261794974657261746f72223b733a31393a2270726f74656374656450726f70657274696573223b613a343a7b693a303b733a373a2273746f72616765223b693a313b733a343a22666c6167223b693a323b733a31333a226974657261746f72436c617373223b693a333b733a31393a2270726f74656374656450726f70657274696573223b7d7d7d72656469726563745f75726c7c4e3b4c616d696e61735f56616c696461746f725f437372665f73616c745f636f6e6669726d666f726d5f637372667c433a32363a224c616d696e61735c5374646c69625c41727261794f626a656374223a3339313a7b613a343a7b733a373a2273746f72616765223b613a323a7b733a393a22746f6b656e4c697374223b613a313a7b733a33323a223466356435616465373939396432363130303934333762343836336566626639223b733a33323a226163306364633065353337373036393630636662656134316635316231333533223b7d733a343a2268617368223b733a36353a2261633063646330653533373730363936306366626561343166353162313335332d3466356435616465373939396432363130303934333762343836336566626639223b7d733a343a22666c6167223b693a323b733a31333a226974657261746f72436c617373223b733a31333a2241727261794974657261746f72223b733a31393a2270726f74656374656450726f70657274696573223b613a343a7b693a303b733a373a2273746f72616765223b693a313b733a343a22666c6167223b693a323b733a31333a226974657261746f72436c617373223b693a333b733a31393a2270726f74656374656450726f70657274696573223b7d7d7d4c616d696e61735f56616c696461746f725f437372665f73616c745f637372667c433a32363a224c616d696e61735c5374646c69625c41727261794f626a656374223a3731313a7b613a343a7b733a373a2273746f72616765223b613a323a7b733a393a22746f6b656e4c697374223b613a353a7b733a33323a223562666533633061306566326238636433353932333730623236656463393835223b733a33323a226437383230303631313739376639643430356630386365393732353966363962223b733a33323a223436393366633434323061613366323635363536633238346336393435306634223b733a33323a223639623931386663346635323434313163326535343963303434323033653139223b733a33323a226534313838333130636233393961386634373863303363343435363938616134223b733a33323a223236626232326338653335306232383664306663333966306136346361663162223b733a33323a223061366237613030383563653562613132336134613366333337643031313462223b733a33323a223164633532303230303932646138616361656639623264346263336163643731223b733a33323a223462613033643533303430363237343033336531306261333633393165393831223b733a33323a223431313634346231633430666131636465366364646432643638643233373536223b7d733a343a2268617368223b733a36353a2234313136343462316334306661316364653663646464326436386432333735362d3462613033643533303430363237343033336531306261333633393165393831223b7d733a343a22666c6167223b693a323b733a31333a226974657261746f72436c617373223b733a31333a2241727261794974657261746f72223b733a31393a2270726f74656374656450726f70657274696573223b613a343a7b693a303b733a373a2273746f72616765223b693a313b733a343a22666c6167223b693a323b733a31333a226974657261746f72436c617373223b693a333b733a31393a2270726f74656374656450726f70657274696573223b7d7d7d4c616d696e61735f56616c696461746f725f437372665f73616c745f766f636162756c617279666f726d5f637372667c433a32363a224c616d696e61735c5374646c69625c41727261794f626a656374223a3339313a7b613a343a7b733a373a2273746f72616765223b613a323a7b733a393a22746f6b656e4c697374223b613a313a7b733a33323a226432336664383633623132353432346630333664643337353463316635323831223b733a33323a226262666633313666353234373435616537626436393138363438343463323534223b7d733a343a2268617368223b733a36353a2262626666333136663532343734356165376264363931383634383434633235342d6432336664383633623132353432346630333664643337353463316635323831223b7d733a343a22666c6167223b693a323b733a31333a226974657261746f72436c617373223b733a31333a2241727261794974657261746f72223b733a31393a2270726f74656374656450726f70657274696573223b613a343a7b693a303b733a373a2273746f72616765223b693a313b733a343a22666c6167223b693a323b733a31333a226974657261746f72436c617373223b693a333b733a31393a2270726f74656374656450726f70657274696573223b7d7d7d4c616d696e61735f56616c696461746f725f437372665f73616c745f766f636162756c617279757064617465666f726d5f637372667c433a32363a224c616d696e61735c5374646c69625c41727261794f626a656374223a313131323a7b613a343a7b733a373a2273746f72616765223b613a323a7b733a393a22746f6b656e4c697374223b613a31303a7b733a33323a226131626132633863393631326364613665633033663439633331653366643061223b733a33323a223036313534633034386366343863393930333430646238343165313466373734223b733a33323a226366636431393530336466346437356533313266383739623439356533386338223b733a33323a226564383162343132306439663762346433306237346262313766643164386163223b733a33323a226134336233643331643632386236303366356232353439656137323135323930223b733a33323a223737376335336365393335656136353433623161313961396266383537303738223b733a33323a226432656331633964336633643463663238396163623866393462646538323238223b733a33323a226136346437376665316639373433633530333763653661326138323166336463223b733a33323a223539653331356338353637656335393635336630636431316263333239366236223b733a33323a223430316236356266613939643035356536303238316636343838393630663932223b733a33323a223661636230636537363831636465336433323465316430366134653139326635223b733a33323a223862343731353738666637336164333462616136323439663862383162376466223b733a33323a223765393030306432313138373238613961636432653333383534643664323962223b733a33323a223530386331386236663532613631643661396639383962306631633064613966223b733a33323a223862336663646361373737373363656233343562656539326336646563613566223b733a33323a223638616136623639376237663136393364326431313637373734663430636534223b733a33323a223664313630343938633433326233373564613834393633663030303561386630223b733a33323a226634323865303363353430633363613563306432346539363030326433313564223b733a33323a223864616638306439613861363735626166353766626537333232623863383032223b733a33323a226638303066613130306130366130373262333366343039393061373931316232223b7d733a343a2268617368223b733a36353a2266383030666131303061303661303732623333663430393930613739313162322d3864616638306439613861363735626166353766626537333232623863383032223b7d733a343a22666c6167223b693a323b733a31333a226974657261746f72436c617373223b733a31333a2241727261794974657261746f72223b733a31393a2270726f74656374656450726f70657274696573223b613a343a7b693a303b733a373a2273746f72616765223b693a313b733a343a22666c6167223b693a323b733a31333a226974657261746f72436c617373223b693a333b733a31393a2270726f74656374656450726f70657274696573223b7d7d7d4c616d696e61735f56616c696461746f725f437372665f73616c745f7265736f7572636574656d706c617465666f726d5f637372667c433a32363a224c616d696e61735c5374646c69625c41727261794f626a656374223a3535313a7b613a343a7b733a373a2273746f72616765223b613a323a7b733a393a22746f6b656e4c697374223b613a333a7b733a33323a226334313939343638383437313361643837396461633538353164373532326334223b733a33323a223331396633626535353737323933356332306162626664393062656435633361223b733a33323a223262663734303933343433396632653962656632373334663866373033393731223b733a33323a226466333538303065383338313034313836333336643761316661333438333838223b733a33323a223763663136353835353432303837666664666436366563653363333338313136223b733a33323a226466336564643866306632626630363836346461386436396166386565613764223b7d733a343a2268617368223b733a36353a2264663365646438663066326266303638363464613864363961663865656137642d3763663136353835353432303837666664666436366563653363333338313136223b7d733a343a22666c6167223b693a323b733a31333a226974657261746f72436c617373223b733a31333a2241727261794974657261746f72223b733a31393a2270726f74656374656450726f70657274696573223b613a343a7b693a303b733a373a2273746f72616765223b693a313b733a343a22666c6167223b693a323b733a31333a226974657261746f72436c617373223b693a333b733a31393a2270726f74656374656450726f70657274696573223b7d7d7d, 1618746863),
('a4a1e30ba820e7fb2c208e70130b2e62', 0x5f5f4c616d696e61737c613a393a7b733a32303a225f524551554553545f4143434553535f54494d45223b643a313631383930373633392e333533393634303930333437323930303339303632353b733a363a225f56414c4944223b613a313a7b733a32383a224c616d696e61735c53657373696f6e5c56616c696461746f725c4964223b733a33323a226330386564663735626166383935383065373933626235613331356266323839223b7d733a34323a224c616d696e61735f56616c696461746f725f437372665f73616c745f6c6f67696e666f726d5f63737266223b613a313a7b733a363a22455850495245223b693a313631383837333139333b7d733a34373a224c616d696e61735f56616c696461746f725f437372665f73616c745f766f636162756c617279666f726d5f63737266223b613a313a7b733a363a22455850495245223b693a313631383931303935373b7d733a34343a224c616d696e61735f56616c696461746f725f437372665f73616c745f636f6e6669726d666f726d5f63737266223b613a313a7b733a363a22455850495245223b693a313631383931313039383b7d733a35333a224c616d696e61735f56616c696461746f725f437372665f73616c745f7265736f7572636574656d706c617465666f726d5f63737266223b613a313a7b733a363a22455850495245223b693a313631383931313034363b7d733a33323a224c616d696e61735f56616c696461746f725f437372665f73616c745f63737266223b613a313a7b733a363a22455850495245223b693a313631383931313036393b7d733a36353a224c616d696e61735f56616c696461746f725f437372665f73616c745f6d6f64756c655f556e6976657273616c5669657765725f636f6e6669677572655f63737266223b613a313a7b733a363a22455850495245223b693a313631383837363232363b7d733a35333a224c616d696e61735f56616c696461746f725f437372665f73616c745f766f636162756c617279757064617465666f726d5f63737266223b613a313a7b733a363a22455850495245223b693a313631383931303936353b7d7d72656469726563745f75726c7c733a33313a22687474703a2f2f6c6f63616c686f73743a38312f6f6d656b612f61646d696e223b4c616d696e61735f56616c696461746f725f437372665f73616c745f6c6f67696e666f726d5f637372667c433a32363a224c616d696e61735c5374646c69625c41727261794f626a656374223a3339313a7b613a343a7b733a373a2273746f72616765223b613a323a7b733a393a22746f6b656e4c697374223b613a313a7b733a33323a223861373133636261633066333235326335626335373938663666386234383162223b733a33323a223137646438316664363136643638633039366335623931316435366635356337223b7d733a343a2268617368223b733a36353a2231376464383166643631366436386330393663356239313164353666353563372d3861373133636261633066333235326335626335373938663666386234383162223b7d733a343a22666c6167223b693a323b733a31333a226974657261746f72436c617373223b733a31333a2241727261794974657261746f72223b733a31393a2270726f74656374656450726f70657274696573223b613a343a7b693a303b733a373a2273746f72616765223b693a313b733a343a22666c6167223b693a323b733a31333a226974657261746f72436c617373223b693a333b733a31393a2270726f74656374656450726f70657274696573223b7d7d7d4c616d696e61735f417574687c433a32363a224c616d696e61735c5374646c69625c41727261794f626a656374223a3232333a7b613a343a7b733a373a2273746f72616765223b613a313a7b733a373a2273746f72616765223b693a313b7d733a343a22666c6167223b693a323b733a31333a226974657261746f72436c617373223b733a31333a2241727261794974657261746f72223b733a31393a2270726f74656374656450726f70657274696573223b613a343a7b693a303b733a373a2273746f72616765223b693a313b733a343a22666c6167223b693a323b733a31333a226974657261746f72436c617373223b693a333b733a31393a2270726f74656374656450726f70657274696573223b7d7d7d4f6d656b614d657373656e6765727c433a32363a224c616d696e61735c5374646c69625c41727261794f626a656374223a3230353a7b613a343a7b733a373a2273746f72616765223b613a303a7b7d733a343a22666c6167223b693a323b733a31333a226974657261746f72436c617373223b733a31333a2241727261794974657261746f72223b733a31393a2270726f74656374656450726f70657274696573223b613a343a7b693a303b733a373a2273746f72616765223b693a313b733a343a22666c6167223b693a323b733a31333a226974657261746f72436c617373223b693a333b733a31393a2270726f74656374656450726f70657274696573223b7d7d7d4c616d696e61735f56616c696461746f725f437372665f73616c745f766f636162756c617279666f726d5f637372667c433a32363a224c616d696e61735c5374646c69625c41727261794f626a656374223a3731313a7b613a343a7b733a373a2273746f72616765223b613a323a7b733a393a22746f6b656e4c697374223b613a353a7b733a33323a223639623065666663616232353762306566396232653031613531366164313462223b733a33323a226338633236313662303539333863646332353666336531613233363632353165223b733a33323a223932623461653566643864363430346631636361303839353639343661386464223b733a33323a223831363139333233613030393138373361646439353036373339333062313631223b733a33323a223736306337646333626463666337663337343539386338643265303539346236223b733a33323a226330356230353166313961306331393566393264363031663031646533646638223b733a33323a223737346538613261386363343838316561383037376663616531346165613963223b733a33323a226639336562323361366439373533383231353565363638663231313662393835223b733a33323a226565623832396438653830356236663134626539356661363562363234633964223b733a33323a223836626366636532303730346334396565626635326139653266333234656366223b7d733a343a2268617368223b733a36353a2238366263666365323037303463343965656266353261396532663332346563662d6565623832396438653830356236663134626539356661363562363234633964223b7d733a343a22666c6167223b693a323b733a31333a226974657261746f72436c617373223b733a31333a2241727261794974657261746f72223b733a31393a2270726f74656374656450726f70657274696573223b613a343a7b693a303b733a373a2273746f72616765223b693a313b733a343a22666c6167223b693a323b733a31333a226974657261746f72436c617373223b693a333b733a31393a2270726f74656374656450726f70657274696573223b7d7d7d4c616d696e61735f56616c696461746f725f437372665f73616c745f636f6e6669726d666f726d5f637372667c433a32363a224c616d696e61735c5374646c69625c41727261794f626a656374223a343331323a7b613a343a7b733a373a2273746f72616765223b613a323a7b733a393a22746f6b656e4c697374223b613a35303a7b733a33323a223265653939373539666266383437636335616666613339666530336137373335223b733a33323a223333323435326434306236333031343231666265646334326435653436386331223b733a33323a223734313065383165393235616661373162326330396436613031303064356463223b733a33323a223633623635653239376432366238643734373733376462663963663063383839223b733a33323a223565646530346562363033333734363135613666623430393265366665336636223b733a33323a223933396566633338623930636638613535643631623863633233376630333734223b733a33323a226438383133626333386661396335616339326632356339643231653030623139223b733a33323a223937376563346463356530643038366130346563363365373165666137353435223b733a33323a223834373662623532386565353636626337303939396233336161333936653165223b733a33323a223131356236373332353762396431663864653562346635353137663963353337223b733a33323a226364363430376463613864393930353433386431653634363962633235323865223b733a33323a226666333962633631636661323065613035623032396635653363623639373161223b733a33323a223732393237306239663637616633633261663932323066653639303133656538223b733a33323a226361663830613735313933373333653163616165393731316131313835396162223b733a33323a223366613537336235346132376364643436393632333539393432633065363730223b733a33323a226232316537376434346261356662346662636634623762636365636638626436223b733a33323a223832646135376362383965633862656266393630333232633964383964383631223b733a33323a226332306439353661636564643736613435636163633033663036643934353562223b733a33323a223536653336393334656635623265633036666161643362653664616336353538223b733a33323a226564323835366334623534363631373337646334633566656566306333643836223b733a33323a223638336662366438646566356433613063356331663330336235346339643035223b733a33323a226664653662386132343564373833303336323064373234313964666565373136223b733a33323a226630313431613932343065306535333337326433306131393035656439656437223b733a33323a223263643835303334303632396436363634326339313531333563636230393137223b733a33323a223564643464653936376562626234373339623361383862363363326336336166223b733a33323a223131663934663563336135323138616231393135626665616662353662386130223b733a33323a223636666665616165343139613033386234323031323561373564613563353363223b733a33323a223436376235663134386339663139663130313463323734653734643931633537223b733a33323a226331356433373663326365323132303665363666373234326134353136353739223b733a33323a226564393435323666356561636435613330343636393731316364663463646538223b733a33323a223239666632643265353331616364303562313230343731623133363734306630223b733a33323a226637633139613536323962343332376437633135353335306632366162393132223b733a33323a223036373338613733346462323232646135303966386663623237623963343062223b733a33323a226536363737633737613339333164376533626366396433326237663838393062223b733a33323a226332373730383233646137373534623637333464393832316431363536643137223b733a33323a223538383566303361343561383137303964326133613638306232306239383036223b733a33323a223633366662373835653731393437313431326463383431396363643165343233223b733a33323a226562663434363761656638636230626663303138643964373838316531633462223b733a33323a226466376266383338393333303630363130346662363439653066323632353864223b733a33323a223230393761363932636363653439336665636261353035343131323239386563223b733a33323a223433646634646634333061653631393439356235313334383635633266306332223b733a33323a226234346631313534353634653363656637303162323634353138646436366535223b733a33323a226530396465316637626637386264393366343364623662643435393963333465223b733a33323a226663323536653066306339323065643464376436353538336338613838316164223b733a33323a226131376362303735343630393964353232636635313135326435363761346535223b733a33323a223162376339356233386461633339626362356639613061313661663138393637223b733a33323a226438656166333864303538313839333564306261336632336133363065646564223b733a33323a226138623430666334313435366462363639396331616334393762666337646437223b733a33323a223131613335323566616666363531383264303163653637623337663636363664223b733a33323a223839663539313435343033363939373965376164613137663865323639646662223b733a33323a226134626436646530393533646136303734333365356632326263313964623539223b733a33323a226432616563376536306133396662323339363936653261613062383637376234223b733a33323a223630363738623364336266393962376336313830383763363638306538316332223b733a33323a226439306537663130616262616134306131353066653635373333613662313536223b733a33323a226565353065303939616165313434363534643637633830333734326535306138223b733a33323a226162666632646238386338313132613361663862643837616237303930636139223b733a33323a223666356136343065626639373839306463623732353937396635643361393066223b733a33323a223432393639373330313039386139306365626263386563376364363063633032223b733a33323a223063393361316230616261643738623064373534333266356534316565353764223b733a33323a226566373137663538616238363730303862666561303031363836653634623635223b733a33323a223838306638643237343830623565363233316138316461386432623061306265223b733a33323a223933303235326462313039396230633130623366633632373463336263653330223b733a33323a223337643262643637323030653066353438633731356534636237353462343962223b733a33323a223233656565363166633638663034343565363266636264656538363763616434223b733a33323a223735613030323738353034333662343964633138316236633162343433363839223b733a33323a226136353538373664303734313232343963333262336239393266313031396531223b733a33323a223335623634623866383032346164373838613632646335663631326235356532223b733a33323a223837623161313765303831393531646630643235616638386135626637366464223b733a33323a226363376563343732343739386666313937323861303137353133326463373831223b733a33323a223038643336313631316639663432383439353532666631653836313234663562223b733a33323a223964373765336238386431336365636461393930393763623639613337303934223b733a33323a223730383236646662663938323439363164346633343439626335663235353866223b733a33323a223062363064376161393835653639346539623338306366643730613336336439223b733a33323a223435333138326532653432353034303630383136646666323335613365626634223b733a33323a226266643934326236363566636363653066323631346362393832336665363965223b733a33323a223939663062646636626530343766366465373933393738353730366436633466223b733a33323a223837343033376566643538643139393862353666626165356562666237376661223b733a33323a226532336432653634366532376361346435633537383034383732643234363666223b733a33323a226532383330356230303765363838376635653137623932333431373364393739223b733a33323a223839393634343038383631306363326538623262326130366239313332646330223b733a33323a226633386236333336656136323831363862313866303935643361326437316333223b733a33323a223934303361393132643539326635343864336265663939643764336533646230223b733a33323a226237646634363965323236313832613731633332323437303566353830313534223b733a33323a223261396430613334366536663761386537643366643531626530356161633566223b733a33323a223732386235386636663161363565663264386139376538333435353234616633223b733a33323a223664353238386530393664306138613862353062383630383766323761626535223b733a33323a223937366433346532373331646431613438386139366364643833636332363536223b733a33323a223063303862376630343439326534386165303063393165353031626466353239223b733a33323a226639343238383462356665366664373530646533646332613166316535366430223b733a33323a226233666561366133643534326531663031366638386666363065623565613432223b733a33323a226531303864663031343164343335353366356339613639336664326333353339223b733a33323a223665353934323061633364633431353639353364323163616637333761323765223b733a33323a223639363334343432353063363934646632333564363963303262643936313932223b733a33323a223935313833343836616634616231326565373139653537396232633932333435223b733a33323a223061643830646530616139376462623362373331373665633331316466343936223b733a33323a226264613137316137633562383938653734356238393561663664643261383930223b733a33323a223032363739643861356535306464363437386332636237663839323337326538223b733a33323a226166343631346662623063623765306637386536316332646265353964623439223b733a33323a223536323038623432306135306532353535356233613261303462366562323166223b733a33323a226537633164666636396431636265366361653433326566616335346562653531223b7d733a343a2268617368223b733a36353a2265376331646666363964316362653663616534333265666163353465626535312d3536323038623432306135306532353535356233613261303462366562323166223b7d733a343a22666c6167223b693a323b733a31333a226974657261746f72436c617373223b733a31333a2241727261794974657261746f72223b733a31393a2270726f74656374656450726f70657274696573223b613a343a7b693a303b733a373a2273746f72616765223b693a313b733a343a22666c6167223b693a323b733a31333a226974657261746f72436c617373223b693a333b733a31393a2270726f74656374656450726f70657274696573223b7d7d7d4c616d696e61735f56616c696461746f725f437372665f73616c745f7265736f7572636574656d706c617465666f726d5f637372667c433a32363a224c616d696e61735c5374646c69625c41727261794f626a656374223a313335323a7b613a343a7b733a373a2273746f72616765223b613a323a7b733a393a22746f6b656e4c697374223b613a31333a7b733a33323a226633333463346336363230666435656237656161343765396563333763636664223b733a33323a226131643236626632386662353536326131393837393263376261306630366239223b733a33323a223363386464393132353632626536636464353836653964653961396661656138223b733a33323a223731363232653831383236396265656334383061333662643566343838613132223b733a33323a226434383230656561653435646330393433356264363164373234353861613935223b733a33323a223134363337643064656339336138326562343032366261376632373633373735223b733a33323a223234643635303632636432623332623961386163386432386234366438346235223b733a33323a223434663063376336333737646132653239643030323665646331633062616335223b733a33323a226530353132323933383536343465353364323330336538333466613336646366223b733a33323a223064306562396561623932656137383734333139393334623361303362653931223b733a33323a223538386234373937313039353962353264356366376437313163666266336166223b733a33323a223037336138663834343561626366646161336434666436653564306366333664223b733a33323a226365323763636336326236336336303339663564303539623864353361313037223b733a33323a223338346438303164373837306536653330333839373064386634366164383938223b733a33323a223332396262303638396530343336373065316437633338393337623064633363223b733a33323a226164396131646463666365383238663435383130323963356630623361333037223b733a33323a223562386532663662656538376163633065643138663962626539353538363831223b733a33323a223863306537623735616665643162356137323039653830393333646636646333223b733a33323a223934643034613164366435633234303863363461653635376236333161396638223b733a33323a226261313238613132353934636639303962663139303935363435396435613863223b733a33323a223432656539666261646536383237643962356439383436303235383430323361223b733a33323a226630303565383064643962326139633463356138613462643865376666353633223b733a33323a223033333364393666313836326537346432656236623136613165323065613663223b733a33323a226338663634346134373863663066376461336132643836306434313333616665223b733a33323a223135626235653139316364393566666464393338303232643935306432393366223b733a33323a226132363665623766326630366635636534383563373336346561346130643331223b7d733a343a2268617368223b733a36353a2261323636656237663266303666356365343835633733363465613461306433312d3135626235653139316364393566666464393338303232643935306432393366223b7d733a343a22666c6167223b693a323b733a31333a226974657261746f72436c617373223b733a31333a2241727261794974657261746f72223b733a31393a2270726f74656374656450726f70657274696573223b613a343a7b693a303b733a373a2273746f72616765223b693a313b733a343a22666c6167223b693a323b733a31333a226974657261746f72436c617373223b693a333b733a31393a2270726f74656374656450726f70657274696573223b7d7d7d4c616d696e61735f56616c696461746f725f437372665f73616c745f637372667c433a32363a224c616d696e61735c5374646c69625c41727261794f626a656374223a3935313a7b613a343a7b733a373a2273746f72616765223b613a323a7b733a393a22746f6b656e4c697374223b613a383a7b733a33323a223632313739653735636330306362316163333836353166623334363233373634223b733a33323a226462656238303836343932393266626336333834396163616637633233616636223b733a33323a223935613633313266306539616132353336396138383636373065303764613034223b733a33323a226365373065663430653061313465303631343462626230373166356433313234223b733a33323a223730373034333261396635376336373338353163643337633737356565363137223b733a33323a223561376566366264646536326163303630626333383938376563373266353232223b733a33323a226264643731366531323066663163363532646438653766616538643337323763223b733a33323a226534626334366537383436363534643635356134623963396439656263386133223b733a33323a223130616532373633303430643462303434656638386464313433653231383034223b733a33323a223031623037613538383134656266663464646361653166663365393638313632223b733a33323a226539343562616331666132663635373535306136356532666366323965666264223b733a33323a223237383731323934303534666435333638373763636462656461646639633038223b733a33323a223031643732636364313765336330653531383130303466306636623962656166223b733a33323a226137393534323265383963353665346265653962316138663861323839366564223b733a33323a226563343465376635316333646161636433613961313861383839373635333064223b733a33323a226262643830396163636233383531663863333932313863363634353534343363223b7d733a343a2268617368223b733a36353a2262626438303961636362333835316638633339323138633636343535343433632d6563343465376635316333646161636433613961313861383839373635333064223b7d733a343a22666c6167223b693a323b733a31333a226974657261746f72436c617373223b733a31333a2241727261794974657261746f72223b733a31393a2270726f74656374656450726f70657274696573223b613a343a7b693a303b733a373a2273746f72616765223b693a313b733a343a22666c6167223b693a323b733a31333a226974657261746f72436c617373223b693a333b733a31393a2270726f74656374656450726f70657274696573223b7d7d7d4c616d696e61735f56616c696461746f725f437372665f73616c745f6d6f64756c655f556e6976657273616c5669657765725f636f6e6669677572655f637372667c433a32363a224c616d696e61735c5374646c69625c41727261794f626a656374223a3339313a7b613a343a7b733a373a2273746f72616765223b613a323a7b733a393a22746f6b656e4c697374223b613a313a7b733a33323a226439346265653764666636633737333866316562666335333261326165313964223b733a33323a226565326462313734323835623735663862626161336330346263373430326136223b7d733a343a2268617368223b733a36353a2265653264623137343238356237356638626261613363303462633734303261362d6439346265653764666636633737333866316562666335333261326165313964223b7d733a343a22666c6167223b693a323b733a31333a226974657261746f72436c617373223b733a31333a2241727261794974657261746f72223b733a31393a2270726f74656374656450726f70657274696573223b613a343a7b693a303b733a373a2273746f72616765223b693a313b733a343a22666c6167223b693a323b733a31333a226974657261746f72436c617373223b693a333b733a31393a2270726f74656374656450726f70657274696573223b7d7d7d4c616d696e61735f56616c696461746f725f437372665f73616c745f766f636162756c617279757064617465666f726d5f637372667c433a32363a224c616d696e61735c5374646c69625c41727261794f626a656374223a3535313a7b613a343a7b733a373a2273746f72616765223b613a323a7b733a393a22746f6b656e4c697374223b613a333a7b733a33323a223662653663353336336633393363366536303932316239336235646635306161223b733a33323a223262656132616564373733366131336238636538333662393862313435366533223b733a33323a226333353239313634346163396434336266663237653463383537363762396639223b733a33323a223938303939373061356630326262313936613166373539646439323266616434223b733a33323a223335613436393039366439643936663663663132613566323434333066316532223b733a33323a226532383431383939383764313937323664363163336630313039316538636564223b7d733a343a2268617368223b733a36353a2265323834313839393837643139373236643631633366303130393165386365642d3335613436393039366439643936663663663132613566323434333066316532223b7d733a343a22666c6167223b693a323b733a31333a226974657261746f72436c617373223b733a31333a2241727261794974657261746f72223b733a31393a2270726f74656374656450726f70657274696573223b613a343a7b693a303b733a373a2273746f72616765223b693a313b733a343a22666c6167223b693a323b733a31333a226974657261746f72436c617373223b693a333b733a31393a2270726f74656374656450726f70657274696573223b7d7d7d, 1618907639);

-- --------------------------------------------------------

--
-- Table structure for table `setting`
--

DROP TABLE IF EXISTS `setting`;
CREATE TABLE `setting` (
  `id` varchar(190) COLLATE utf8mb4_unicode_ci NOT NULL,
  `value` longtext COLLATE utf8mb4_unicode_ci NOT NULL COMMENT '(DC2Type:json_array)'
) ENGINE=InnoDB DEFAULT CHARSET=utf8mb4 COLLATE=utf8mb4_unicode_ci;

--
-- Dumping data for table `setting`
--

INSERT INTO `setting` (`id`, `value`) VALUES
('administrator_email', '\"maeva.barandao@gmail.com\"'),
('extension_whitelist', '[\"aac\",\"aif\",\"aiff\",\"asf\",\"asx\",\"avi\",\"bmp\",\"c\",\"cc\",\"class\",\"css\",\"divx\",\"doc\",\"docx\",\"exe\",\"gif\",\"gz\",\"gzip\",\"h\",\"ico\",\"j2k\",\"jp2\",\"jpe\",\"jpeg\",\"jpg\",\"m4a\",\"m4v\",\"mdb\",\"mid\",\"midi\",\"mov\",\"mp2\",\"mp3\",\"mp4\",\"mpa\",\"mpe\",\"mpeg\",\"mpg\",\"mpp\",\"odb\",\"odc\",\"odf\",\"odg\",\"odp\",\"ods\",\"odt\",\"ogg\",\"opus\",\"pdf\",\"png\",\"pot\",\"pps\",\"ppt\",\"pptx\",\"qt\",\"ra\",\"ram\",\"rtf\",\"rtx\",\"swf\",\"tar\",\"tif\",\"tiff\",\"txt\",\"wav\",\"wax\",\"webm\",\"wma\",\"wmv\",\"wmx\",\"wri\",\"xla\",\"xls\",\"xlsx\",\"xlt\",\"xlw\",\"zip\"]'),
('iiifserver_manifest_external_property', '\"dcterms:hasFormat\"'),
('installation_title', '\"BDD\"'),
('locale', '\"\"'),
('media_type_whitelist', '[\"application\\/msword\",\"application\\/ogg\",\"application\\/pdf\",\"application\\/rtf\",\"application\\/vnd.ms-access\",\"application\\/vnd.ms-excel\",\"application\\/vnd.ms-powerpoint\",\"application\\/vnd.ms-project\",\"application\\/vnd.ms-write\",\"application\\/vnd.oasis.opendocument.chart\",\"application\\/vnd.oasis.opendocument.database\",\"application\\/vnd.oasis.opendocument.formula\",\"application\\/vnd.oasis.opendocument.graphics\",\"application\\/vnd.oasis.opendocument.presentation\",\"application\\/vnd.oasis.opendocument.spreadsheet\",\"application\\/vnd.oasis.opendocument.text\",\"application\\/vnd.openxmlformats-officedocument.wordprocessingml.document\",\"application\\/vnd.openxmlformats-officedocument.presentationml.presentation\",\"application\\/vnd.openxmlformats-officedocument.spreadsheetml.sheet\",\"application\\/x-gzip\",\"application\\/x-ms-wmp\",\"application\\/x-msdownload\",\"application\\/x-shockwave-flash\",\"application\\/x-tar\",\"application\\/zip\",\"audio\\/midi\",\"audio\\/mp4\",\"audio\\/mpeg\",\"audio\\/ogg\",\"audio\\/x-aac\",\"audio\\/x-aiff\",\"audio\\/x-ms-wma\",\"audio\\/x-ms-wax\",\"audio\\/x-realaudio\",\"audio\\/x-wav\",\"image\\/bmp\",\"image\\/gif\",\"image\\/jp2\",\"image\\/jpeg\",\"image\\/pjpeg\",\"image\\/png\",\"image\\/tiff\",\"image\\/x-icon\",\"text\\/css\",\"text\\/plain\",\"text\\/richtext\",\"video\\/divx\",\"video\\/mp4\",\"video\\/mpeg\",\"video\\/ogg\",\"video\\/quicktime\",\"video\\/webm\",\"video\\/x-ms-asf,\",\"video\\/x-msvideo\",\"video\\/x-ms-wmv\"]'),
('pagination_per_page', '25'),
('time_zone', '\"UTC\"'),
('version', '\"3.0.1\"'),
('version_notifications', '\"1\"');

-- --------------------------------------------------------

--
-- Table structure for table `site`
--

DROP TABLE IF EXISTS `site`;
CREATE TABLE `site` (
  `id` int(11) NOT NULL,
  `homepage_id` int(11) DEFAULT NULL,
  `owner_id` int(11) DEFAULT NULL,
  `slug` varchar(190) COLLATE utf8mb4_unicode_ci NOT NULL,
  `theme` varchar(190) COLLATE utf8mb4_unicode_ci NOT NULL,
  `title` varchar(190) COLLATE utf8mb4_unicode_ci NOT NULL,
  `summary` longtext COLLATE utf8mb4_unicode_ci,
  `navigation` longtext COLLATE utf8mb4_unicode_ci NOT NULL COMMENT '(DC2Type:json_array)',
  `item_pool` longtext COLLATE utf8mb4_unicode_ci NOT NULL COMMENT '(DC2Type:json_array)',
  `created` datetime NOT NULL,
  `modified` datetime DEFAULT NULL,
  `is_public` tinyint(1) NOT NULL,
  `assign_new_items` tinyint(1) NOT NULL DEFAULT '0'
) ENGINE=InnoDB DEFAULT CHARSET=utf8mb4 COLLATE=utf8mb4_unicode_ci;

-- --------------------------------------------------------

--
-- Table structure for table `site_block_attachment`
--

DROP TABLE IF EXISTS `site_block_attachment`;
CREATE TABLE `site_block_attachment` (
  `id` int(11) NOT NULL,
  `block_id` int(11) NOT NULL,
  `item_id` int(11) DEFAULT NULL,
  `media_id` int(11) DEFAULT NULL,
  `caption` longtext COLLATE utf8mb4_unicode_ci NOT NULL,
  `position` int(11) NOT NULL
) ENGINE=InnoDB DEFAULT CHARSET=utf8mb4 COLLATE=utf8mb4_unicode_ci;

-- --------------------------------------------------------

--
-- Table structure for table `site_item_set`
--

DROP TABLE IF EXISTS `site_item_set`;
CREATE TABLE `site_item_set` (
  `id` int(11) NOT NULL,
  `site_id` int(11) NOT NULL,
  `item_set_id` int(11) NOT NULL,
  `position` int(11) DEFAULT NULL
) ENGINE=InnoDB DEFAULT CHARSET=utf8mb4 COLLATE=utf8mb4_unicode_ci;

-- --------------------------------------------------------

--
-- Table structure for table `site_page`
--

DROP TABLE IF EXISTS `site_page`;
CREATE TABLE `site_page` (
  `id` int(11) NOT NULL,
  `site_id` int(11) NOT NULL,
  `slug` varchar(190) COLLATE utf8mb4_unicode_ci NOT NULL,
  `title` varchar(190) COLLATE utf8mb4_unicode_ci NOT NULL,
  `is_public` tinyint(1) NOT NULL,
  `created` datetime NOT NULL,
  `modified` datetime DEFAULT NULL
) ENGINE=InnoDB DEFAULT CHARSET=utf8mb4 COLLATE=utf8mb4_unicode_ci;

-- --------------------------------------------------------

--
-- Table structure for table `site_page_block`
--

DROP TABLE IF EXISTS `site_page_block`;
CREATE TABLE `site_page_block` (
  `id` int(11) NOT NULL,
  `page_id` int(11) NOT NULL,
  `layout` varchar(80) COLLATE utf8mb4_unicode_ci NOT NULL,
  `data` longtext COLLATE utf8mb4_unicode_ci NOT NULL COMMENT '(DC2Type:json_array)',
  `position` int(11) NOT NULL
) ENGINE=InnoDB DEFAULT CHARSET=utf8mb4 COLLATE=utf8mb4_unicode_ci;

-- --------------------------------------------------------

--
-- Table structure for table `site_permission`
--

DROP TABLE IF EXISTS `site_permission`;
CREATE TABLE `site_permission` (
  `id` int(11) NOT NULL,
  `site_id` int(11) NOT NULL,
  `user_id` int(11) NOT NULL,
  `role` varchar(80) COLLATE utf8mb4_unicode_ci NOT NULL
) ENGINE=InnoDB DEFAULT CHARSET=utf8mb4 COLLATE=utf8mb4_unicode_ci;

-- --------------------------------------------------------

--
-- Table structure for table `site_setting`
--

DROP TABLE IF EXISTS `site_setting`;
CREATE TABLE `site_setting` (
  `id` varchar(190) COLLATE utf8mb4_unicode_ci NOT NULL,
  `site_id` int(11) NOT NULL,
  `value` longtext COLLATE utf8mb4_unicode_ci NOT NULL COMMENT '(DC2Type:json_array)'
) ENGINE=InnoDB DEFAULT CHARSET=utf8mb4 COLLATE=utf8mb4_unicode_ci;

-- --------------------------------------------------------

--
-- Table structure for table `user`
--

DROP TABLE IF EXISTS `user`;
CREATE TABLE `user` (
  `id` int(11) NOT NULL,
  `email` varchar(190) COLLATE utf8mb4_unicode_ci NOT NULL,
  `name` varchar(190) COLLATE utf8mb4_unicode_ci NOT NULL,
  `created` datetime NOT NULL,
  `modified` datetime DEFAULT NULL,
  `password_hash` varchar(60) COLLATE utf8mb4_unicode_ci DEFAULT NULL,
  `role` varchar(190) COLLATE utf8mb4_unicode_ci NOT NULL,
  `is_active` tinyint(1) NOT NULL
) ENGINE=InnoDB DEFAULT CHARSET=utf8mb4 COLLATE=utf8mb4_unicode_ci;

--
-- Dumping data for table `user`
--

INSERT INTO `user` (`id`, `email`, `name`, `created`, `modified`, `password_hash`, `role`, `is_active`) VALUES
(1, 'maeva.barandao@gmail.com', 'Maeva BARANDAO', '2021-04-17 13:47:29', '2021-04-17 13:47:29', '$2y$10$XdHQBk0SOoOZRh1RP05WSeZ01W6E5zjRBnn.srXY53VpHz5Eai.C6', 'global_admin', 1),
(2, 'samuel.szoniecky@univ-paris8.fr', 'Samuel Szoniecky', '2021-04-17 13:56:57', '2021-04-17 13:57:44', '$2y$10$MFO8.Kwyo5Doaj5mFXY9MOYGgBjZ/dWY1Hyx/AV1V6tIuoj9u0.Rq', 'global_admin', 1);

-- --------------------------------------------------------

--
-- Table structure for table `user_setting`
--

DROP TABLE IF EXISTS `user_setting`;
CREATE TABLE `user_setting` (
  `id` varchar(190) COLLATE utf8mb4_unicode_ci NOT NULL,
  `user_id` int(11) NOT NULL,
  `value` longtext COLLATE utf8mb4_unicode_ci NOT NULL COMMENT '(DC2Type:json_array)'
) ENGINE=InnoDB DEFAULT CHARSET=utf8mb4 COLLATE=utf8mb4_unicode_ci;

--
-- Dumping data for table `user_setting`
--

INSERT INTO `user_setting` (`id`, `user_id`, `value`) VALUES
('default_resource_template', 2, '\"\"'),
('locale', 2, '\"\"');

-- --------------------------------------------------------

--
-- Table structure for table `value`
--

DROP TABLE IF EXISTS `value`;
CREATE TABLE `value` (
  `id` int(11) NOT NULL,
  `resource_id` int(11) NOT NULL,
  `property_id` int(11) NOT NULL,
  `value_resource_id` int(11) DEFAULT NULL,
  `type` varchar(255) COLLATE utf8mb4_unicode_ci NOT NULL,
  `lang` varchar(255) COLLATE utf8mb4_unicode_ci DEFAULT NULL,
  `value` longtext COLLATE utf8mb4_unicode_ci,
  `uri` longtext COLLATE utf8mb4_unicode_ci,
  `is_public` tinyint(1) NOT NULL
) ENGINE=InnoDB DEFAULT CHARSET=utf8mb4 COLLATE=utf8mb4_unicode_ci;

--
-- Dumping data for table `value`
--

INSERT INTO `value` (`id`, `resource_id`, `property_id`, `value_resource_id`, `type`, `lang`, `value`, `uri`, `is_public`) VALUES
(19, 4, 1, NULL, 'literal', '', 'ope_azerty', NULL, 1),
(20, 4, 221, NULL, 'literal', '', 'ope@company.fr', NULL, 1),
(21, 4, 212, NULL, 'literal', '', 'idf', NULL, 1),
(22, 4, 223, NULL, 'literal', '', 'bati005', NULL, 1),
(23, 4, 199, NULL, 'literal', '', 'telecom', NULL, 1),
(24, 4, 200, NULL, 'literal', '', 'approvisionneur', NULL, 1),
(25, 5, 1, NULL, 'literal', '', 'suppr', NULL, 1),
(26, 5, 138, NULL, 'literal', '', 'suppr', NULL, 1),
(27, 5, 212, NULL, 'literal', '', '7 rue Balou', NULL, 1),
(28, 5, 242, NULL, 'literal', '', 'suppr@suppr.fr', NULL, 1),
(29, 6, 1, NULL, 'literal', '', 'cable EP 200m', NULL, 1),
(30, 6, 240, NULL, 'literal', '', 'EP', NULL, 1),
(31, 6, 241, NULL, 'literal', '', 'CAB', NULL, 1),
(33, 7, 1, NULL, 'literal', '', 'cable lampadaire', NULL, 1),
(34, 7, 45, NULL, 'literal', '', '20/04/2021', NULL, 1),
(35, 7, 245, NULL, 'literal', '', 'cable 200m', NULL, 1),
(36, 7, 243, NULL, 'literal', '', '2', NULL, 1),
(37, 7, 244, NULL, 'literal', '', '22 avenue du pli', NULL, 1),
(38, 7, 238, 4, 'resource', NULL, NULL, NULL, 1),
(39, 8, 1, NULL, 'literal', '', 'lampadaire avenue du pli', NULL, 1),
(40, 8, 20, NULL, 'literal', '', '20/04/2021', NULL, 1),
(41, 8, 236, 6, 'resource', NULL, NULL, NULL, 1),
(42, 8, 243, NULL, 'literal', '', '3', NULL, 1),
(43, 8, 237, 5, 'resource', NULL, NULL, NULL, 1),
(44, 8, 244, NULL, 'literal', '', '22 avenue du pli', NULL, 1),
(45, 8, 238, 4, 'resource', NULL, NULL, NULL, 1),
(46, 8, 246, 7, 'resource', NULL, NULL, NULL, 1);

-- --------------------------------------------------------

--
-- Table structure for table `vocabulary`
--

DROP TABLE IF EXISTS `vocabulary`;
CREATE TABLE `vocabulary` (
  `id` int(11) NOT NULL,
  `owner_id` int(11) DEFAULT NULL,
  `namespace_uri` varchar(190) COLLATE utf8mb4_unicode_ci NOT NULL,
  `prefix` varchar(190) COLLATE utf8mb4_unicode_ci NOT NULL,
  `label` varchar(255) COLLATE utf8mb4_unicode_ci NOT NULL,
  `comment` longtext COLLATE utf8mb4_unicode_ci
) ENGINE=InnoDB DEFAULT CHARSET=utf8mb4 COLLATE=utf8mb4_unicode_ci;

--
-- Dumping data for table `vocabulary`
--

INSERT INTO `vocabulary` (`id`, `owner_id`, `namespace_uri`, `prefix`, `label`, `comment`) VALUES
(1, NULL, 'http://purl.org/dc/terms/', 'dcterms', 'Dublin Core', 'Basic resource metadata (DCMI Metadata Terms)'),
(2, NULL, 'http://purl.org/dc/dcmitype/', 'dctype', 'Dublin Core Type', 'Basic resource types (DCMI Type Vocabulary)'),
(3, NULL, 'http://purl.org/ontology/bibo/', 'bibo', 'Bibliographic Ontology', 'Bibliographic metadata (BIBO)'),
(4, NULL, 'http://xmlns.com/foaf/0.1/', 'foaf', 'Friend of a Friend', 'Relationships between people and organizations (FOAF)'),
(5, 1, 'http://dbpedia.org/ontology/', 'dbo', 'dbpedia', ''),
(6, 1, 'http://www.w3.org/ns/org#', 'org', 'org', ''),
(8, 1, 'http://www.ontotext.com/proton/protonext#hasEMail', 'pext', 'ontotext', ''),
(11, 1, 'https://circuit-achat.cnam.fr/onto/ca#', 'ca', 'achat', '');

--
-- Indexes for dumped tables
--

--
-- Indexes for table `api_key`
--
ALTER TABLE `api_key`
  ADD PRIMARY KEY (`id`),
  ADD KEY `IDX_C912ED9D7E3C61F9` (`owner_id`);

--
-- Indexes for table `asset`
--
ALTER TABLE `asset`
  ADD PRIMARY KEY (`id`),
  ADD UNIQUE KEY `UNIQ_2AF5A5C5CC5DB90` (`storage_id`),
  ADD KEY `IDX_2AF5A5C7E3C61F9` (`owner_id`);

--
-- Indexes for table `fulltext_search`
--
ALTER TABLE `fulltext_search`
  ADD PRIMARY KEY (`id`,`resource`),
  ADD KEY `IDX_AA31FE4A7E3C61F9` (`owner_id`);
ALTER TABLE `fulltext_search` ADD FULLTEXT KEY `IDX_AA31FE4A2B36786B3B8BA7C7` (`title`,`text`);

--
-- Indexes for table `item`
--
ALTER TABLE `item`
  ADD PRIMARY KEY (`id`);

--
-- Indexes for table `item_item_set`
--
ALTER TABLE `item_item_set`
  ADD PRIMARY KEY (`item_id`,`item_set_id`),
  ADD KEY `IDX_6D0C9625126F525E` (`item_id`),
  ADD KEY `IDX_6D0C9625960278D7` (`item_set_id`);

--
-- Indexes for table `item_set`
--
ALTER TABLE `item_set`
  ADD PRIMARY KEY (`id`);

--
-- Indexes for table `item_site`
--
ALTER TABLE `item_site`
  ADD PRIMARY KEY (`item_id`,`site_id`),
  ADD KEY `IDX_A1734D1F126F525E` (`item_id`),
  ADD KEY `IDX_A1734D1FF6BD1646` (`site_id`);

--
-- Indexes for table `job`
--
ALTER TABLE `job`
  ADD PRIMARY KEY (`id`),
  ADD KEY `IDX_FBD8E0F87E3C61F9` (`owner_id`);

--
-- Indexes for table `media`
--
ALTER TABLE `media`
  ADD PRIMARY KEY (`id`),
  ADD UNIQUE KEY `UNIQ_6A2CA10C5CC5DB90` (`storage_id`),
  ADD KEY `IDX_6A2CA10C126F525E` (`item_id`),
  ADD KEY `item_position` (`item_id`,`position`);

--
-- Indexes for table `migration`
--
ALTER TABLE `migration`
  ADD PRIMARY KEY (`version`);

--
-- Indexes for table `module`
--
ALTER TABLE `module`
  ADD PRIMARY KEY (`id`);

--
-- Indexes for table `password_creation`
--
ALTER TABLE `password_creation`
  ADD PRIMARY KEY (`id`),
  ADD UNIQUE KEY `UNIQ_C77917B4A76ED395` (`user_id`);

--
-- Indexes for table `property`
--
ALTER TABLE `property`
  ADD PRIMARY KEY (`id`),
  ADD UNIQUE KEY `UNIQ_8BF21CDEAD0E05F6623C14D5` (`vocabulary_id`,`local_name`),
  ADD KEY `IDX_8BF21CDE7E3C61F9` (`owner_id`),
  ADD KEY `IDX_8BF21CDEAD0E05F6` (`vocabulary_id`);

--
-- Indexes for table `resource`
--
ALTER TABLE `resource`
  ADD PRIMARY KEY (`id`),
  ADD KEY `IDX_BC91F4167E3C61F9` (`owner_id`),
  ADD KEY `IDX_BC91F416448CC1BD` (`resource_class_id`),
  ADD KEY `IDX_BC91F41616131EA` (`resource_template_id`),
  ADD KEY `IDX_BC91F416FDFF2E92` (`thumbnail_id`);

--
-- Indexes for table `resource_class`
--
ALTER TABLE `resource_class`
  ADD PRIMARY KEY (`id`),
  ADD UNIQUE KEY `UNIQ_C6F063ADAD0E05F6623C14D5` (`vocabulary_id`,`local_name`),
  ADD KEY `IDX_C6F063AD7E3C61F9` (`owner_id`),
  ADD KEY `IDX_C6F063ADAD0E05F6` (`vocabulary_id`);

--
-- Indexes for table `resource_template`
--
ALTER TABLE `resource_template`
  ADD PRIMARY KEY (`id`),
  ADD UNIQUE KEY `UNIQ_39ECD52EEA750E8` (`label`),
  ADD KEY `IDX_39ECD52E7E3C61F9` (`owner_id`),
  ADD KEY `IDX_39ECD52E448CC1BD` (`resource_class_id`),
  ADD KEY `IDX_39ECD52E724734A3` (`title_property_id`),
  ADD KEY `IDX_39ECD52EB84E0D1D` (`description_property_id`);

--
-- Indexes for table `resource_template_property`
--
ALTER TABLE `resource_template_property`
  ADD PRIMARY KEY (`id`),
  ADD UNIQUE KEY `UNIQ_4689E2F116131EA549213EC` (`resource_template_id`,`property_id`),
  ADD KEY `IDX_4689E2F116131EA` (`resource_template_id`),
  ADD KEY `IDX_4689E2F1549213EC` (`property_id`);

--
-- Indexes for table `session`
--
ALTER TABLE `session`
  ADD PRIMARY KEY (`id`);

--
-- Indexes for table `setting`
--
ALTER TABLE `setting`
  ADD PRIMARY KEY (`id`);

--
-- Indexes for table `site`
--
ALTER TABLE `site`
  ADD PRIMARY KEY (`id`),
  ADD UNIQUE KEY `UNIQ_694309E4989D9B62` (`slug`),
  ADD UNIQUE KEY `UNIQ_694309E4571EDDA` (`homepage_id`),
  ADD KEY `IDX_694309E47E3C61F9` (`owner_id`);

--
-- Indexes for table `site_block_attachment`
--
ALTER TABLE `site_block_attachment`
  ADD PRIMARY KEY (`id`),
  ADD KEY `IDX_236473FEE9ED820C` (`block_id`),
  ADD KEY `IDX_236473FE126F525E` (`item_id`),
  ADD KEY `IDX_236473FEEA9FDD75` (`media_id`),
  ADD KEY `block_position` (`block_id`,`position`);

--
-- Indexes for table `site_item_set`
--
ALTER TABLE `site_item_set`
  ADD PRIMARY KEY (`id`),
  ADD UNIQUE KEY `UNIQ_D4CE134F6BD1646960278D7` (`site_id`,`item_set_id`),
  ADD KEY `IDX_D4CE134F6BD1646` (`site_id`),
  ADD KEY `IDX_D4CE134960278D7` (`item_set_id`),
  ADD KEY `position` (`position`);

--
-- Indexes for table `site_page`
--
ALTER TABLE `site_page`
  ADD PRIMARY KEY (`id`),
  ADD UNIQUE KEY `UNIQ_2F900BD9F6BD1646989D9B62` (`site_id`,`slug`),
  ADD KEY `IDX_2F900BD9F6BD1646` (`site_id`);

--
-- Indexes for table `site_page_block`
--
ALTER TABLE `site_page_block`
  ADD PRIMARY KEY (`id`),
  ADD KEY `IDX_C593E731C4663E4` (`page_id`),
  ADD KEY `page_position` (`page_id`,`position`);

--
-- Indexes for table `site_permission`
--
ALTER TABLE `site_permission`
  ADD PRIMARY KEY (`id`),
  ADD UNIQUE KEY `UNIQ_C0401D6FF6BD1646A76ED395` (`site_id`,`user_id`),
  ADD KEY `IDX_C0401D6FF6BD1646` (`site_id`),
  ADD KEY `IDX_C0401D6FA76ED395` (`user_id`);

--
-- Indexes for table `site_setting`
--
ALTER TABLE `site_setting`
  ADD PRIMARY KEY (`id`,`site_id`),
  ADD KEY `IDX_64D05A53F6BD1646` (`site_id`);

--
-- Indexes for table `user`
--
ALTER TABLE `user`
  ADD PRIMARY KEY (`id`),
  ADD UNIQUE KEY `UNIQ_8D93D649E7927C74` (`email`);

--
-- Indexes for table `user_setting`
--
ALTER TABLE `user_setting`
  ADD PRIMARY KEY (`id`,`user_id`),
  ADD KEY `IDX_C779A692A76ED395` (`user_id`);

--
-- Indexes for table `value`
--
ALTER TABLE `value`
  ADD PRIMARY KEY (`id`),
  ADD KEY `IDX_1D77583489329D25` (`resource_id`),
  ADD KEY `IDX_1D775834549213EC` (`property_id`),
  ADD KEY `IDX_1D7758344BC72506` (`value_resource_id`),
  ADD KEY `value` (`value`(190)),
  ADD KEY `uri` (`uri`(190));

--
-- Indexes for table `vocabulary`
--
ALTER TABLE `vocabulary`
  ADD PRIMARY KEY (`id`),
  ADD UNIQUE KEY `UNIQ_9099C97B9B267FDF` (`namespace_uri`),
  ADD UNIQUE KEY `UNIQ_9099C97B93B1868E` (`prefix`),
  ADD KEY `IDX_9099C97B7E3C61F9` (`owner_id`);

--
-- AUTO_INCREMENT for dumped tables
--

--
-- AUTO_INCREMENT for table `asset`
--
ALTER TABLE `asset`
  MODIFY `id` int(11) NOT NULL AUTO_INCREMENT;

--
-- AUTO_INCREMENT for table `job`
--
ALTER TABLE `job`
  MODIFY `id` int(11) NOT NULL AUTO_INCREMENT;

--
-- AUTO_INCREMENT for table `property`
--
ALTER TABLE `property`
  MODIFY `id` int(11) NOT NULL AUTO_INCREMENT, AUTO_INCREMENT=248;

--
-- AUTO_INCREMENT for table `resource`
--
ALTER TABLE `resource`
  MODIFY `id` int(11) NOT NULL AUTO_INCREMENT, AUTO_INCREMENT=9;

--
-- AUTO_INCREMENT for table `resource_class`
--
ALTER TABLE `resource_class`
  MODIFY `id` int(11) NOT NULL AUTO_INCREMENT, AUTO_INCREMENT=136;

--
-- AUTO_INCREMENT for table `resource_template`
--
ALTER TABLE `resource_template`
  MODIFY `id` int(11) NOT NULL AUTO_INCREMENT, AUTO_INCREMENT=8;

--
-- AUTO_INCREMENT for table `resource_template_property`
--
ALTER TABLE `resource_template_property`
  MODIFY `id` int(11) NOT NULL AUTO_INCREMENT, AUTO_INCREMENT=98;

--
-- AUTO_INCREMENT for table `site`
--
ALTER TABLE `site`
  MODIFY `id` int(11) NOT NULL AUTO_INCREMENT;

--
-- AUTO_INCREMENT for table `site_block_attachment`
--
ALTER TABLE `site_block_attachment`
  MODIFY `id` int(11) NOT NULL AUTO_INCREMENT;

--
-- AUTO_INCREMENT for table `site_item_set`
--
ALTER TABLE `site_item_set`
  MODIFY `id` int(11) NOT NULL AUTO_INCREMENT;

--
-- AUTO_INCREMENT for table `site_page`
--
ALTER TABLE `site_page`
  MODIFY `id` int(11) NOT NULL AUTO_INCREMENT;

--
-- AUTO_INCREMENT for table `site_page_block`
--
ALTER TABLE `site_page_block`
  MODIFY `id` int(11) NOT NULL AUTO_INCREMENT;

--
-- AUTO_INCREMENT for table `site_permission`
--
ALTER TABLE `site_permission`
  MODIFY `id` int(11) NOT NULL AUTO_INCREMENT;

--
-- AUTO_INCREMENT for table `user`
--
ALTER TABLE `user`
  MODIFY `id` int(11) NOT NULL AUTO_INCREMENT, AUTO_INCREMENT=3;

--
-- AUTO_INCREMENT for table `value`
--
ALTER TABLE `value`
  MODIFY `id` int(11) NOT NULL AUTO_INCREMENT, AUTO_INCREMENT=47;

--
-- AUTO_INCREMENT for table `vocabulary`
--
ALTER TABLE `vocabulary`
  MODIFY `id` int(11) NOT NULL AUTO_INCREMENT, AUTO_INCREMENT=12;

--
-- Constraints for dumped tables
--

--
-- Constraints for table `api_key`
--
ALTER TABLE `api_key`
  ADD CONSTRAINT `FK_C912ED9D7E3C61F9` FOREIGN KEY (`owner_id`) REFERENCES `user` (`id`);

--
-- Constraints for table `asset`
--
ALTER TABLE `asset`
  ADD CONSTRAINT `FK_2AF5A5C7E3C61F9` FOREIGN KEY (`owner_id`) REFERENCES `user` (`id`) ON DELETE SET NULL;

--
-- Constraints for table `fulltext_search`
--
ALTER TABLE `fulltext_search`
  ADD CONSTRAINT `FK_AA31FE4A7E3C61F9` FOREIGN KEY (`owner_id`) REFERENCES `user` (`id`) ON DELETE SET NULL;

--
-- Constraints for table `item`
--
ALTER TABLE `item`
  ADD CONSTRAINT `FK_1F1B251EBF396750` FOREIGN KEY (`id`) REFERENCES `resource` (`id`) ON DELETE CASCADE;

--
-- Constraints for table `item_item_set`
--
ALTER TABLE `item_item_set`
  ADD CONSTRAINT `FK_6D0C9625126F525E` FOREIGN KEY (`item_id`) REFERENCES `item` (`id`) ON DELETE CASCADE,
  ADD CONSTRAINT `FK_6D0C9625960278D7` FOREIGN KEY (`item_set_id`) REFERENCES `item_set` (`id`) ON DELETE CASCADE;

--
-- Constraints for table `item_set`
--
ALTER TABLE `item_set`
  ADD CONSTRAINT `FK_1015EEEBF396750` FOREIGN KEY (`id`) REFERENCES `resource` (`id`) ON DELETE CASCADE;

--
-- Constraints for table `item_site`
--
ALTER TABLE `item_site`
  ADD CONSTRAINT `FK_A1734D1F126F525E` FOREIGN KEY (`item_id`) REFERENCES `item` (`id`) ON DELETE CASCADE,
  ADD CONSTRAINT `FK_A1734D1FF6BD1646` FOREIGN KEY (`site_id`) REFERENCES `site` (`id`) ON DELETE CASCADE;

--
-- Constraints for table `job`
--
ALTER TABLE `job`
  ADD CONSTRAINT `FK_FBD8E0F87E3C61F9` FOREIGN KEY (`owner_id`) REFERENCES `user` (`id`) ON DELETE SET NULL;

--
-- Constraints for table `media`
--
ALTER TABLE `media`
  ADD CONSTRAINT `FK_6A2CA10C126F525E` FOREIGN KEY (`item_id`) REFERENCES `item` (`id`),
  ADD CONSTRAINT `FK_6A2CA10CBF396750` FOREIGN KEY (`id`) REFERENCES `resource` (`id`) ON DELETE CASCADE;

--
-- Constraints for table `password_creation`
--
ALTER TABLE `password_creation`
  ADD CONSTRAINT `FK_C77917B4A76ED395` FOREIGN KEY (`user_id`) REFERENCES `user` (`id`) ON DELETE CASCADE;

--
-- Constraints for table `property`
--
ALTER TABLE `property`
  ADD CONSTRAINT `FK_8BF21CDE7E3C61F9` FOREIGN KEY (`owner_id`) REFERENCES `user` (`id`) ON DELETE SET NULL,
  ADD CONSTRAINT `FK_8BF21CDEAD0E05F6` FOREIGN KEY (`vocabulary_id`) REFERENCES `vocabulary` (`id`);

--
-- Constraints for table `resource`
--
ALTER TABLE `resource`
  ADD CONSTRAINT `FK_BC91F41616131EA` FOREIGN KEY (`resource_template_id`) REFERENCES `resource_template` (`id`) ON DELETE SET NULL,
  ADD CONSTRAINT `FK_BC91F416448CC1BD` FOREIGN KEY (`resource_class_id`) REFERENCES `resource_class` (`id`) ON DELETE SET NULL,
  ADD CONSTRAINT `FK_BC91F4167E3C61F9` FOREIGN KEY (`owner_id`) REFERENCES `user` (`id`) ON DELETE SET NULL,
  ADD CONSTRAINT `FK_BC91F416FDFF2E92` FOREIGN KEY (`thumbnail_id`) REFERENCES `asset` (`id`) ON DELETE SET NULL;

--
-- Constraints for table `resource_class`
--
ALTER TABLE `resource_class`
  ADD CONSTRAINT `FK_C6F063AD7E3C61F9` FOREIGN KEY (`owner_id`) REFERENCES `user` (`id`) ON DELETE SET NULL,
  ADD CONSTRAINT `FK_C6F063ADAD0E05F6` FOREIGN KEY (`vocabulary_id`) REFERENCES `vocabulary` (`id`);

--
-- Constraints for table `resource_template`
--
ALTER TABLE `resource_template`
  ADD CONSTRAINT `FK_39ECD52E448CC1BD` FOREIGN KEY (`resource_class_id`) REFERENCES `resource_class` (`id`) ON DELETE SET NULL,
  ADD CONSTRAINT `FK_39ECD52E724734A3` FOREIGN KEY (`title_property_id`) REFERENCES `property` (`id`) ON DELETE SET NULL,
  ADD CONSTRAINT `FK_39ECD52E7E3C61F9` FOREIGN KEY (`owner_id`) REFERENCES `user` (`id`) ON DELETE SET NULL,
  ADD CONSTRAINT `FK_39ECD52EB84E0D1D` FOREIGN KEY (`description_property_id`) REFERENCES `property` (`id`) ON DELETE SET NULL;

--
-- Constraints for table `resource_template_property`
--
ALTER TABLE `resource_template_property`
  ADD CONSTRAINT `FK_4689E2F116131EA` FOREIGN KEY (`resource_template_id`) REFERENCES `resource_template` (`id`),
  ADD CONSTRAINT `FK_4689E2F1549213EC` FOREIGN KEY (`property_id`) REFERENCES `property` (`id`) ON DELETE CASCADE;

--
-- Constraints for table `site`
--
ALTER TABLE `site`
  ADD CONSTRAINT `FK_694309E4571EDDA` FOREIGN KEY (`homepage_id`) REFERENCES `site_page` (`id`) ON DELETE SET NULL,
  ADD CONSTRAINT `FK_694309E47E3C61F9` FOREIGN KEY (`owner_id`) REFERENCES `user` (`id`) ON DELETE SET NULL;

--
-- Constraints for table `site_block_attachment`
--
ALTER TABLE `site_block_attachment`
  ADD CONSTRAINT `FK_236473FE126F525E` FOREIGN KEY (`item_id`) REFERENCES `item` (`id`) ON DELETE SET NULL,
  ADD CONSTRAINT `FK_236473FEE9ED820C` FOREIGN KEY (`block_id`) REFERENCES `site_page_block` (`id`),
  ADD CONSTRAINT `FK_236473FEEA9FDD75` FOREIGN KEY (`media_id`) REFERENCES `media` (`id`) ON DELETE SET NULL;

--
-- Constraints for table `site_item_set`
--
ALTER TABLE `site_item_set`
  ADD CONSTRAINT `FK_D4CE134960278D7` FOREIGN KEY (`item_set_id`) REFERENCES `item_set` (`id`) ON DELETE CASCADE,
  ADD CONSTRAINT `FK_D4CE134F6BD1646` FOREIGN KEY (`site_id`) REFERENCES `site` (`id`) ON DELETE CASCADE;

--
-- Constraints for table `site_page`
--
ALTER TABLE `site_page`
  ADD CONSTRAINT `FK_2F900BD9F6BD1646` FOREIGN KEY (`site_id`) REFERENCES `site` (`id`);

--
-- Constraints for table `site_page_block`
--
ALTER TABLE `site_page_block`
  ADD CONSTRAINT `FK_C593E731C4663E4` FOREIGN KEY (`page_id`) REFERENCES `site_page` (`id`);

--
-- Constraints for table `site_permission`
--
ALTER TABLE `site_permission`
  ADD CONSTRAINT `FK_C0401D6FA76ED395` FOREIGN KEY (`user_id`) REFERENCES `user` (`id`) ON DELETE CASCADE,
  ADD CONSTRAINT `FK_C0401D6FF6BD1646` FOREIGN KEY (`site_id`) REFERENCES `site` (`id`) ON DELETE CASCADE;

--
-- Constraints for table `site_setting`
--
ALTER TABLE `site_setting`
  ADD CONSTRAINT `FK_64D05A53F6BD1646` FOREIGN KEY (`site_id`) REFERENCES `site` (`id`) ON DELETE CASCADE;

--
-- Constraints for table `user_setting`
--
ALTER TABLE `user_setting`
  ADD CONSTRAINT `FK_C779A692A76ED395` FOREIGN KEY (`user_id`) REFERENCES `user` (`id`) ON DELETE CASCADE;

--
-- Constraints for table `value`
--
ALTER TABLE `value`
  ADD CONSTRAINT `FK_1D7758344BC72506` FOREIGN KEY (`value_resource_id`) REFERENCES `resource` (`id`) ON DELETE CASCADE,
  ADD CONSTRAINT `FK_1D775834549213EC` FOREIGN KEY (`property_id`) REFERENCES `property` (`id`) ON DELETE CASCADE,
  ADD CONSTRAINT `FK_1D77583489329D25` FOREIGN KEY (`resource_id`) REFERENCES `resource` (`id`);

--
-- Constraints for table `vocabulary`
--
ALTER TABLE `vocabulary`
  ADD CONSTRAINT `FK_9099C97B7E3C61F9` FOREIGN KEY (`owner_id`) REFERENCES `user` (`id`) ON DELETE SET NULL;
COMMIT;

/*!40101 SET CHARACTER_SET_CLIENT=@OLD_CHARACTER_SET_CLIENT */;
/*!40101 SET CHARACTER_SET_RESULTS=@OLD_CHARACTER_SET_RESULTS */;
/*!40101 SET COLLATION_CONNECTION=@OLD_COLLATION_CONNECTION */;
